Point;CP 1;1,187.040405;-97.036217;2,561.002441;-0.996676;0.081473;0.000000
Point;CP 2;1,187.031250;-97.147743;2,498.606934;-0.996668;0.081566;0.000000
Point;CP 3;1,187.037720;-97.069229;2,413.910645;-0.996673;0.081500;0.000000
Point;CP 4;1,186.892212;-98.833076;1,941.561035;-0.996551;0.082983;0.000000
Point;CP 5;1,187.037354;-97.073700;1,465.433105;-0.996673;0.081504;0.000000
Point;CP 6;1,186.996704;-97.569572;1,243.236572;-0.996639;0.081921;0.000000
Point;CP 7;1,186.957275;-98.048813;846.562500;-0.996606;0.082324;0.000000
Point;CP 8;1,187.029907;-97.164398;431.079102;-0.996667;0.081581;0.000000
Point;CP 9;1,186.996216;-97.575462;25.577393;-0.996638;0.081926;0.000000
Point;CP 10;1,187.004028;-97.480606;-26.795166;-0.996645;0.081846;0.000000
Point;CP 11;1,186.955444;-98.070534;-438.777832;-0.996604;0.082342;0.000000
Point;CP 12;1,186.953613;-98.091843;-848.774292;-0.996603;0.082360;0.000000
Point;CP 13;1,187.013428;-97.365227;-1,250.304688;-0.996653;0.081749;0.000000
Point;CP 14;1,186.915039;-98.557358;-1,471.527954;-0.996570;0.082751;0.000000
Point;CP 15;1,187.019165;-97.295357;-1,943.345947;-0.996658;0.081690;0.000000
Point;CP 16;1,186.966675;-97.934090;-2,417.621826;-0.996614;0.082227;0.000000
Point;CP 17;1,186.990234;-97.648636;-2,500.173340;-0.996633;0.081987;0.000000
Point;CP 18;1,186.976562;-97.813866;-2,559.233398;-0.996622;0.082126;0.000000
Point;CP 1;1,154.656128;-291.976227;2,558.563965;-0.969485;0.245151;0.000000
Point;CP 2;1,154.571167;-292.312134;2,500.363770;-0.969414;0.245433;0.000000
Point;CP 3;1,154.791504;-291.440369;2,412.705078;-0.969599;0.244701;0.000000
Point;CP 4;1,154.664185;-291.944580;1,939.811523;-0.969492;0.245124;0.000000
Point;CP 5;1,154.737915;-291.652863;1,467.083984;-0.969554;0.244879;0.000000
Point;CP 6;1,154.541626;-292.428741;1,240.862061;-0.969389;0.245531;0.000000
Point;CP 7;1,154.820557;-291.325256;844.518066;-0.969623;0.244604;0.000000
Point;CP 8;1,154.556274;-292.371094;429.534912;-0.969401;0.245483;0.000000
Point;CP 9;1,154.501831;-292.585938;25.908936;-0.969355;0.245663;0.000000
Point;CP 10;1,154.399902;-292.988007;-23.953613;-0.969270;0.246000;0.000000
Point;CP 11;1,154.442749;-292.818756;-437.760254;-0.969306;0.245858;0.000000
Point;CP 12;1,154.771729;-291.518738;-849.103394;-0.969582;0.244767;0.000000
Point;CP 13;1,154.604614;-292.179840;-1,244.599976;-0.969442;0.245322;0.000000
Point;CP 14;1,154.865234;-291.148254;-1,468.703491;-0.969661;0.244455;0.000000
Point;CP 15;1,154.450928;-292.786865;-1,943.579834;-0.969313;0.245832;0.000000
Point;CP 16;1,154.680420;-291.880524;-2,418.854980;-0.969505;0.245071;0.000000
Point;CP 17;1,154.501343;-292.587860;-2,501.173828;-0.969355;0.245665;0.000000
Point;CP 18;1,154.627441;-292.090057;-2,557.448242;-0.969461;0.245247;0.000000
Point;CP 1;1,186.867188;99.131989;2,562.885254;-0.996530;-0.083234;0.000000
Point;CP 2;1,186.942627;98.224823;2,502.211426;-0.996593;-0.082473;0.000000
Point;CP 3;1,186.750854;100.515549;2,408.672852;-0.996432;-0.084396;0.000000
Point;CP 4;1,186.900391;98.733650;1,938.339355;-0.996558;-0.082900;0.000000
Point;CP 5;1,186.972412;97.864532;1,468.323242;-0.996618;-0.082170;0.000000
Point;CP 6;1,186.929932;98.378983;844.085693;-0.996583;-0.082602;0.000000
Point;CP 7;1,186.960205;98.012161;1,242.219238;-0.996608;-0.082294;0.000000
Point;CP 8;1,186.921631;98.479050;435.202881;-0.996576;-0.082686;0.000000
Point;CP 9;1,186.843262;99.419174;25.397705;-0.996510;-0.083475;0.000000
Point;CP 10;1,186.911987;98.595474;-26.135498;-0.996568;-0.082784;0.000000
Point;CP 11;1,187.014771;97.349121;-437.500000;-0.996654;-0.081737;0.000000
Point;CP 12;1,186.883179;98.940491;-848.068604;-0.996544;-0.083073;0.000000
Point;CP 13;1,186.885132;98.917778;-1,244.013916;-0.996545;-0.083054;0.000000
Point;CP 14;1,186.872925;99.064484;-1,469.619507;-0.996535;-0.083178;0.000000
Point;CP 15;1,186.899292;98.746819;-1,943.009033;-0.996557;-0.082911;0.000000
Point;CP 16;1,186.936523;98.298500;-2,415.263672;-0.996588;-0.082534;0.000000
Point;CP 17;1,186.910522;98.612045;-2,501.655273;-0.996566;-0.082798;0.000000
Point;CP 18;1,186.935425;98.311943;-2,559.843750;-0.996587;-0.082546;0.000000
Point;CP 1;1,154.514404;292.536438;2,556.766113;-0.969365;-0.245625;0.000000
Point;CP 2;1,154.513062;292.541748;2,499.799316;-0.969364;-0.245629;0.000000
Point;CP 3;1,154.465576;292.728973;2,411.942383;-0.969324;-0.245786;0.000000
Point;CP 4;1,154.421875;292.901184;1,941.939941;-0.969288;-0.245930;0.000000
Point;CP 5;1,154.479248;292.675201;1,466.678711;-0.969336;-0.245741;0.000000
Point;CP 6;1,154.533691;292.460358;1,242.420410;-0.969382;-0.245560;0.000000
Point;CP 7;1,154.329346;293.265503;846.747803;-0.969210;-0.246236;0.000000
Point;CP 8;1,154.499146;292.596588;435.631836;-0.969352;-0.245675;0.000000
Point;CP 9;1,154.517700;292.523529;26.423584;-0.969368;-0.245613;0.000000
Point;CP 10;1,154.437866;292.838043;-26.430664;-0.969301;-0.245877;0.000000
Point;CP 11;1,154.524292;292.497131;-436.575195;-0.969374;-0.245591;0.000000
Point;CP 12;1,154.401733;292.980743;-846.059937;-0.969271;-0.245996;0.000000
Point;CP 13;1,154.961182;290.767548;-1,248.465820;-0.969740;-0.244142;0.000000
Point;CP 14;1,154.805298;291.385803;-1,469.223999;-0.969606;-0.244671;0.000000
Point;CP 15;1,154.814331;291.349915;-1,947.854126;-0.969617;-0.244629;0.000000
Point;CP 16;1,154.474609;292.693207;-2,418.739746;-0.969332;-0.245757;0.000000
Point;CP 17;1,154.448120;292.798004;-2,505.093994;-0.969309;-0.245845;0.000000
Point;CP 18;1,154.692383;291.833038;-2,566.239014;-0.969514;-0.245035;0.000000
Point;CP 1;1,090.468140;478.915680;2,559.716797;-0.915590;-0.402114;0.000000
Point;CP 2;1,090.281494;479.340332;2,500.298340;-0.915433;-0.402471;0.000000
Point;CP 3;1,090.478516;478.892029;2,414.096680;-0.915598;-0.402095;0.000000
Point;CP 4;1,090.668945;478.458282;1,940.616211;-0.915758;-0.401730;0.000000
Point;CP 5;1,090.620605;478.568268;1,468.283203;-0.915718;-0.401823;0.000000
Point;CP 6;1,090.648193;478.505524;1,243.032227;-0.915741;-0.401770;0.000000
Point;CP 7;1,090.636719;478.531677;845.379639;-0.915731;-0.401792;0.000000
Point;CP 8;1,090.277710;479.349030;435.838623;-0.915430;-0.402478;0.000000
Point;CP 9;1,090.583496;478.652832;25.419434;-0.915686;-0.401895;0.000000
Point;CP 10;1,090.618042;478.574280;-26.278564;-0.915715;-0.401828;0.000000
Point;CP 11;1,090.470703;478.909729;-434.627686;-0.915591;-0.402110;0.000000
Point;CP 12;1,090.506958;478.827301;-846.673584;-0.915622;-0.402040;0.000000
Point;CP 13;1,091.147095;477.366638;-1,245.428711;-0.916160;-0.400814;0.000000
Point;CP 14;1,090.507812;478.825409;-1,471.152832;-0.915623;-0.402038;0.000000
Point;CP 15;1,090.730225;478.318573;-1,945.113647;-0.915809;-0.401613;0.000000
Point;CP 16;1,090.536987;478.758911;-2,415.639160;-0.915647;-0.401983;0.000000
Point;CP 17;1,090.391357;479.090576;-2,499.147705;-0.915525;-0.402261;0.000000
Point;CP 18;1,090.537964;478.756744;-2,559.836182;-0.915648;-0.401981;0.000000
Point;CP 1;996.965271;651.568298;2,557.140137;-0.837080;-0.547080;0.000000
Point;CP 2;996.727539;651.931885;2,499.624512;-0.836881;-0.547385;0.000000
Point;CP 3;996.910461;651.652161;2,414.231934;-0.837034;-0.547151;0.000000
Point;CP 4;997.412170;650.884033;1,942.413086;-0.837455;-0.546506;0.000000
Point;CP 5;997.151794;651.282837;1,467.008789;-0.837237;-0.546841;0.000000
Point;CP 6;995.928467;653.151978;1,243.217285;-0.836210;-0.548410;0.000000
Point;CP 7;996.988525;651.532715;843.543945;-0.837100;-0.547051;0.000000
Point;CP 8;997.096191;651.367859;435.210693;-0.837190;-0.546912;0.000000
Point;CP 9;997.440735;650.840210;24.719727;-0.837479;-0.546469;0.000000
Point;CP 10;997.741882;650.378479;-28.420898;-0.837732;-0.546081;0.000000
Point;CP 11;997.526794;650.708252;-435.910645;-0.837552;-0.546358;0.000000
Point;CP 12;997.102844;651.357788;-846.335083;-0.837196;-0.546903;0.000000
Point;CP 13;996.367126;652.482666;-1,243.686035;-0.836578;-0.547848;0.000000
Point;CP 14;996.514404;652.257690;-1,469.974487;-0.836702;-0.547659;0.000000
Point;CP 15;997.118530;651.333740;-1,942.776245;-0.837209;-0.546883;0.000000
Point;CP 16;996.930420;651.621643;-2,415.376709;-0.837051;-0.547125;0.000000
Point;CP 17;996.408447;652.419495;-2,500.972412;-0.836613;-0.547795;0.000000
Point;CP 18;996.766785;651.871887;-2,560.633545;-0.836914;-0.547335;0.000000
Point;CP 1;876.119873;806.780640;2,557.623535;-0.735612;-0.677403;0.000000
Point;CP 2;875.894775;807.024963;2,501.308594;-0.735424;-0.677608;0.000000
Point;CP 3;875.283264;807.688232;2,414.953613;-0.734910;-0.678164;0.000000
Point;CP 4;875.105530;807.880798;1,942.481934;-0.734761;-0.678326;0.000000
Point;CP 5;875.348022;807.618042;1,468.143555;-0.734964;-0.678106;0.000000
Point;CP 6;875.689697;807.247559;1,243.356201;-0.735252;-0.677794;0.000000
Point;CP 7;875.243408;807.731384;845.764160;-0.734877;-0.678200;0.000000
Point;CP 8;875.549500;807.399597;435.415039;-0.735134;-0.677922;0.000000
Point;CP 9;875.080383;807.907959;24.872559;-0.734740;-0.678349;0.000000
Point;CP 10;876.690308;806.160706;-27.318848;-0.736091;-0.676882;0.000000
Point;CP 11;875.257080;807.716553;-436.339600;-0.734889;-0.678188;0.000000
Point;CP 12;876.131531;806.767944;-846.929565;-0.735622;-0.677392;0.000000
Point;CP 13;875.618530;807.324707;-1,245.809448;-0.735191;-0.677860;0.000000
Point;CP 14;875.637634;807.304016;-1,470.905884;-0.735207;-0.677842;0.000000
Point;CP 15;874.976440;808.020569;-1,942.566284;-0.734657;-0.678439;0.000000
Point;CP 16;875.288574;807.682434;-2,417.159912;-0.734919;-0.678155;0.000000
Point;CP 17;875.197876;807.780701;-2,502.577637;-0.734843;-0.678237;0.000000
Point;CP 18;875.373047;807.590881;-2,560.721924;-0.734990;-0.678078;0.000000
Point;CP 1;731.183533;940.133850;2,560.474121;-0.613923;-0.789366;0.000000
Point;CP 2;731.260254;940.074158;2,497.858398;-0.613986;-0.789317;0.000000
Point;CP 3;730.793030;940.437378;2,414.013672;-0.613594;-0.789621;0.000000
Point;CP 4;731.070374;940.221863;1,939.413086;-0.613827;-0.789440;0.000000
Point;CP 5;730.750366;940.470581;1,467.786133;-0.613558;-0.789649;0.000000
Point;CP 6;731.622986;939.791870;1,242.658203;-0.614292;-0.789079;0.000000
Point;CP 7;731.270020;940.066528;844.501465;-0.613995;-0.789310;0.000000
Point;CP 8;730.284302;940.832520;436.962158;-0.613167;-0.789953;0.000000
Point;CP 9;730.783936;940.444519;22.406006;-0.613587;-0.789627;0.000000
Point;CP 10;731.035278;940.249146;-26.797119;-0.613798;-0.789463;0.000000
Point;CP 11;730.524780;940.645813;-437.037598;-0.613369;-0.789796;0.000000
Point;CP 12;730.362183;940.772034;-846.088867;-0.613233;-0.789902;0.000000
Point;CP 13;731.789185;939.662476;-1,243.295898;-0.614431;-0.788970;0.000000
Point;CP 14;730.028564;941.031006;-1,470.943604;-0.612953;-0.790120;0.000000
Point;CP 15;730.904358;940.350891;-1,940.910889;-0.613688;-0.789548;0.000000
Point;CP 16;730.211426;940.889038;-2,415.174561;-0.613106;-0.790000;0.000000
Point;CP 17;730.519653;940.649780;-2,498.316895;-0.613365;-0.789800;0.000000
Point;CP 18;731.424377;939.946472;-2,560.240479;-0.614125;-0.789209;0.000000
Point;CP 1;566.475037;1,047.657837;2,559.403809;-0.475626;-0.879648;0.000000
Point;CP 2;566.308289;1,047.748047;2,500.178711;-0.475486;-0.879723;0.000000
Point;CP 3;566.733032;1,047.518311;2,413.595703;-0.475843;-0.879530;0.000000
Point;CP 4;566.224548;1,047.793335;1,942.846680;-0.475416;-0.879761;0.000000
Point;CP 5;566.381775;1,047.708252;1,470.339355;-0.475548;-0.879690;0.000000
Point;CP 6;565.589722;1,048.136108;1,243.501953;-0.474883;-0.880049;0.000000
Point;CP 7;565.485413;1,048.192383;846.257812;-0.474795;-0.880096;0.000000
Point;CP 8;565.367615;1,048.255859;434.730957;-0.474697;-0.880149;0.000000
Point;CP 9;566.169373;1,047.823120;25.380615;-0.475370;-0.879786;0.000000
Point;CP 10;566.072510;1,047.875366;-25.148193;-0.475288;-0.879830;0.000000
Point;CP 11;566.528137;1,047.629150;-438.645996;-0.475670;-0.879624;0.000000
Point;CP 12;566.605347;1,047.587402;-846.535400;-0.475736;-0.879588;0.000000
Point;CP 13;565.895752;1,047.970947;-1,242.053467;-0.475140;-0.879910;0.000000
Point;CP 14;565.538757;1,048.163574;-1,466.320801;-0.474840;-0.880072;0.000000
Point;CP 15;565.895325;1,047.971069;-1,939.734375;-0.475139;-0.879911;0.000000
Point;CP 16;565.796875;1,048.024292;-2,413.801025;-0.475057;-0.879955;0.000000
Point;CP 17;566.157898;1,047.829346;-2,501.394531;-0.475360;-0.879792;0.000000
Point;CP 18;566.198914;1,047.807129;-2,558.411621;-0.475395;-0.879773;0.000000
Point;CP 1;385.917206;1,126.742554;2,560.826660;-0.324023;-0.946049;0.000000
Point;CP 2;386.350616;1,126.594116;2,501.423828;-0.324386;-0.945925;0.000000
Point;CP 3;385.620087;1,126.844360;2,415.852539;-0.323772;-0.946135;0.000000
Point;CP 4;385.965912;1,126.725952;1,941.404297;-0.324064;-0.946035;0.000000
Point;CP 5;386.373047;1,126.586426;1,470.249023;-0.324405;-0.945918;0.000000
Point;CP 6;385.554718;1,126.866699;1,246.943115;-0.323718;-0.946154;0.000000
Point;CP 7;385.507446;1,126.882812;846.275635;-0.323678;-0.946167;0.000000
Point;CP 8;385.994385;1,126.716187;435.942627;-0.324088;-0.946027;0.000000
Point;CP 9;385.485748;1,126.890259;28.264893;-0.323659;-0.946174;0.000000
Point;CP 10;386.070251;1,126.690186;-24.396729;-0.324151;-0.946005;0.000000
Point;CP 11;386.395111;1,126.578857;-435.690430;-0.324423;-0.945912;0.000000
Point;CP 12;385.908356;1,126.745605;-842.617188;-0.324014;-0.946052;0.000000
Point;CP 13;386.310486;1,126.607788;-1,242.526245;-0.324353;-0.945936;0.000000
Point;CP 14;385.756500;1,126.797607;-1,467.107910;-0.323887;-0.946096;0.000000
Point;CP 15;385.971252;1,126.724121;-1,940.279907;-0.324067;-0.946034;0.000000
Point;CP 16;386.109009;1,126.676880;-2,414.216309;-0.324183;-0.945994;0.000000
Point;CP 17;385.862640;1,126.761353;-2,501.811035;-0.323976;-0.946065;0.000000
Point;CP 18;386.052979;1,126.696045;-2,562.038086;-0.324137;-0.946010;0.000000
Point;CP 1;196.268066;1,174.716919;2,559.639648;-0.164792;-0.986328;0.000000
Point;CP 2;195.249512;1,174.886597;2,500.806641;-0.163937;-0.986471;0.000000
Point;CP 3;195.543472;1,174.837769;2,414.615234;-0.164183;-0.986430;0.000000
Point;CP 4;195.530807;1,174.839844;1,942.632812;-0.164173;-0.986432;0.000000
Point;CP 5;196.107315;1,174.743774;1,470.883789;-0.164657;-0.986351;0.000000
Point;CP 6;195.346664;1,174.870483;1,243.036133;-0.164018;-0.986457;0.000000
Point;CP 7;195.022461;1,174.924316;848.395508;-0.163746;-0.986503;0.000000
Point;CP 8;195.361023;1,174.868164;435.979736;-0.164031;-0.986455;0.000000
Point;CP 9;194.809677;1,174.959595;26.682861;-0.163567;-0.986532;0.000000
Point;CP 10;195.693237;1,174.812866;-26.033203;-0.164310;-0.986409;0.000000
Point;CP 11;194.803558;1,174.960693;-433.530273;-0.163562;-0.986533;0.000000
Point;CP 12;195.949890;1,174.770020;-845.901733;-0.164525;-0.986373;0.000000
Point;CP 13;195.245285;1,174.887329;-1,239.514648;-0.163934;-0.986471;0.000000
Point;CP 14;195.078323;1,174.915039;-1,468.195923;-0.163794;-0.986495;0.000000
Point;CP 15;196.106018;1,174.744019;-1,938.728149;-0.164657;-0.986351;0.000000
Point;CP 16;196.001938;1,174.761353;-2,416.848877;-0.164570;-0.986365;0.000000
Point;CP 17;195.401154;1,174.861450;-2,500.272705;-0.164065;-0.986450;0.000000
Point;CP 18;195.742844;1,174.804565;-2,560.384277;-0.164352;-0.986402;0.000000
Point;CP 1;-0.634817;1,190.999878;2,558.265625;0.000533;-1.000000;0.000000
Point;CP 2;-0.211778;1,191.000000;2,500.596680;0.000178;-1.000000;0.000000
Point;CP 3;-0.581032;1,190.999878;2,413.528320;0.000488;-1.000000;0.000000
Point;CP 4;-0.089140;1,191.000000;1,941.737305;0.000075;-1.000000;0.000000
Point;CP 5;-0.113027;1,191.000000;1,467.598145;0.000095;-1.000000;0.000000
Point;CP 6;-0.687678;1,190.999756;1,243.858643;0.000578;-1.000000;0.000000
Point;CP 7;-0.396831;1,190.999878;845.868408;0.000333;-1.000000;0.000000
Point;CP 8;-0.743804;1,190.999756;440.127686;0.000625;-1.000000;0.000000
Point;CP 9;-1.338679;1,190.999268;27.474609;0.001124;-0.999999;0.000000
Point;CP 10;-0.818903;1,190.999756;-26.808838;0.000688;-1.000000;0.000000
Point;CP 11;-1.788331;1,190.998657;-432.217773;0.001502;-0.999999;0.000000
Point;CP 12;-0.357128;1,191.000000;-847.000854;0.000300;-1.000000;0.000000
Point;CP 13;-0.878870;1,190.999634;-1,243.190308;0.000738;-1.000000;0.000000
Point;CP 14;-0.730478;1,190.999756;-1,465.049316;0.000613;-1.000000;0.000000
Point;CP 15;-0.286579;1,191.000000;-1,940.675903;0.000241;-1.000000;0.000000
Point;CP 16;-0.046137;1,191.000000;-2,413.206055;0.000039;-1.000000;0.000000
Point;CP 17;-0.973089;1,190.999634;-2,500.137451;0.000817;-1.000000;0.000000
Point;CP 18;-1.045612;1,190.999512;-2,559.771729;0.000878;-1.000000;0.000000
Point;CP 1;-196.862152;1,174.617554;2,559.743652;0.165292;-0.986245;0.000000
Point;CP 2;-196.212982;1,174.726074;2,499.604004;0.164748;-0.986336;0.000000
Point;CP 3;-196.513947;1,174.675781;2,413.125488;0.165002;-0.986293;0.000000
Point;CP 4;-196.749115;1,174.636475;1,941.696777;0.165198;-0.986261;0.000000
Point;CP 5;-195.584106;1,174.830933;1,468.816895;0.164220;-0.986424;0.000000
Point;CP 6;-196.433624;1,174.689209;1,242.218750;0.164933;-0.986305;0.000000
Point;CP 7;-196.856110;1,174.618530;845.496094;0.165288;-0.986245;0.000000
Point;CP 8;-196.396957;1,174.695435;437.784424;0.164902;-0.986310;0.000000
Point;CP 9;-196.502823;1,174.677734;24.092529;0.164991;-0.986295;0.000000
Point;CP 10;-196.067886;1,174.750366;-24.922363;0.164626;-0.986356;0.000000
Point;CP 11;-196.274017;1,174.715942;-434.294922;0.164801;-0.986327;0.000000
Point;CP 12;-196.096771;1,174.745483;-845.446899;0.164650;-0.986352;0.000000
Point;CP 13;-195.955582;1,174.769043;-1,242.060913;0.164532;-0.986372;0.000000
Point;CP 14;-196.235123;1,174.722412;-1,466.939453;0.164766;-0.986333;0.000000
Point;CP 15;-196.058151;1,174.751953;-1,942.208374;0.164618;-0.986357;0.000000
Point;CP 16;-196.394989;1,174.695679;-2,416.833984;0.164901;-0.986310;0.000000
Point;CP 17;-195.714218;1,174.809326;-2,501.369873;0.164329;-0.986406;0.000000
Point;CP 18;-196.320374;1,174.708130;-2,558.704346;0.164838;-0.986321;0.000000
Point;CP 1;-386.370789;1,126.587158;2,559.881836;0.324414;-0.945915;0.000000
Point;CP 2;-386.900238;1,126.405396;2,501.277832;0.324857;-0.945763;0.000000
Point;CP 3;-386.634735;1,126.496582;2,414.573730;0.324638;-0.945838;0.000000
Point;CP 4;-386.895203;1,126.407227;1,941.423828;0.324853;-0.945764;0.000000
Point;CP 5;-387.020721;1,126.364014;1,468.106445;0.324958;-0.945728;0.000000
Point;CP 6;-387.608063;1,126.162109;1,243.776611;0.325452;-0.945559;0.000000
Point;CP 7;-387.102997;1,126.335815;846.650391;0.325028;-0.945704;0.000000
Point;CP 8;-387.649811;1,126.147705;440.534912;0.325489;-0.945546;0.000000
Point;CP 9;-386.925812;1,126.396606;27.421875;0.324884;-0.945754;0.000000
Point;CP 10;-386.925507;1,126.396729;-24.554443;0.324878;-0.945756;0.000000
Point;CP 11;-387.402313;1,126.232910;-433.782227;0.325283;-0.945617;0.000000
Point;CP 12;-387.248047;1,126.285889;-844.757812;0.325149;-0.945663;0.000000
Point;CP 13;-387.786255;1,126.100708;-1,239.027100;0.325601;-0.945507;0.000000
Point;CP 14;-386.962616;1,126.384033;-1,467.260864;0.324915;-0.945743;0.000000
Point;CP 15;-386.226227;1,126.636719;-1,942.747437;0.324292;-0.945957;0.000000
Point;CP 16;-386.723083;1,126.466309;-2,416.795654;0.324709;-0.945814;0.000000
Point;CP 17;-386.405365;1,126.575317;-2,499.236328;0.324443;-0.945905;0.000000
Point;CP 18;-386.726288;1,126.465210;-2,558.984619;0.324712;-0.945813;0.000000
Point;CP 1;-565.768555;1,048.039551;2,559.233398;0.475036;-0.879966;0.000000
Point;CP 2;-567.075623;1,047.332886;2,499.154785;0.476134;-0.879373;0.000000
Point;CP 3;-567.079407;1,047.330811;2,415.362305;0.476138;-0.879371;0.000000
Point;CP 4;-566.496826;1,047.646118;1,940.832031;0.475649;-0.879635;0.000000
Point;CP 5;-566.966858;1,047.391846;1,468.899902;0.476043;-0.879422;0.000000
Point;CP 6;-566.520020;1,047.633545;1,243.188965;0.475668;-0.879625;0.000000
Point;CP 7;-566.407043;1,047.694580;847.759766;0.475573;-0.879676;0.000000
Point;CP 8;-565.818787;1,048.012451;435.062988;0.475079;-0.879943;0.000000
Point;CP 9;-566.512939;1,047.637329;24.445557;0.475655;-0.879632;0.000000
Point;CP 10;-567.176758;1,047.278198;-26.077881;0.476213;-0.879330;0.000000
Point;CP 11;-566.759521;1,047.504028;-434.854248;0.475862;-0.879520;0.000000
Point;CP 12;-566.843262;1,047.458740;-844.230347;0.475932;-0.879482;0.000000
Point;CP 13;-567.310181;1,047.205933;-1,244.491333;0.476325;-0.879269;0.000000
Point;CP 14;-566.912476;1,047.421265;-1,470.840210;0.475990;-0.879451;0.000000
Point;CP 15;-566.590332;1,047.595459;-1,941.979980;0.475720;-0.879597;0.000000
Point;CP 16;-567.091797;1,047.324097;-2,415.012451;0.476141;-0.879369;0.000000
Point;CP 17;-567.446289;1,047.132080;-2,500.998047;0.476439;-0.879208;0.000000
Point;CP 18;-568.000305;1,046.831787;-2,561.933350;0.476904;-0.878956;0.000000
Point;CP 1;-731.448059;939.928040;2,557.662109;0.614142;-0.789195;0.000000
Point;CP 2;-731.825684;939.634033;2,498.284180;0.614459;-0.788949;0.000000
Point;CP 3;-731.624512;939.790710;2,413.162598;0.614290;-0.789080;0.000000
Point;CP 4;-731.611938;939.800537;1,940.653320;0.614279;-0.789089;0.000000
Point;CP 5;-731.609558;939.802307;1,467.743652;0.614278;-0.789090;0.000000
Point;CP 6;-731.637268;939.780762;1,243.512451;0.614301;-0.789072;0.000000
Point;CP 7;-731.096741;940.201355;846.064453;0.613847;-0.789425;0.000000
Point;CP 8;-731.310669;940.034973;435.086914;0.614027;-0.789285;0.000000
Point;CP 9;-731.231567;940.096436;25.613525;0.613961;-0.789337;0.000000
Point;CP 10;-731.615601;939.797607;-27.147217;0.614283;-0.789086;0.000000
Point;CP 11;-731.497742;939.889343;-436.745117;0.614184;-0.789163;0.000000
Point;CP 12;-731.125732;940.178772;-843.882446;0.613871;-0.789406;0.000000
Point;CP 13;-731.430481;939.941772;-1,240.321533;0.614127;-0.789208;0.000000
Point;CP 14;-731.310059;940.035400;-1,466.221558;0.614026;-0.789286;0.000000
Point;CP 15;-731.019287;940.261597;-1,939.189575;0.613782;-0.789476;0.000000
Point;CP 16;-731.128662;940.176514;-2,416.464600;0.613874;-0.789404;0.000000
Point;CP 17;-731.794250;939.658569;-2,501.272705;0.614433;-0.788969;0.000000
Point;CP 18;-731.777344;939.671692;-2,560.630127;0.614419;-0.788980;0.000000
Point;CP 1;-875.715088;807.219971;2,555.973633;0.735275;-0.677769;0.000000
Point;CP 2;-877.157898;805.651917;2,496.125488;0.736486;-0.676452;0.000000
Point;CP 3;-875.968506;806.945007;2,417.810059;0.735488;-0.677538;0.000000
Point;CP 4;-876.414917;806.460083;1,943.311035;0.735863;-0.677131;0.000000
Point;CP 5;-876.156677;806.740601;1,469.370605;0.735646;-0.677366;0.000000
Point;CP 6;-875.888184;807.032166;1,245.054443;0.735421;-0.677611;0.000000
Point;CP 7;-876.628723;806.227722;845.155518;0.736042;-0.676936;0.000000
Point;CP 8;-875.486816;807.467529;436.021484;0.735083;-0.677977;0.000000
Point;CP 9;-875.759827;807.171448;27.094482;0.735313;-0.677727;0.000000
Point;CP 10;-876.444824;806.427551;-22.686768;0.735888;-0.677104;0.000000
Point;CP 11;-875.796631;807.131531;-436.376221;0.735344;-0.677694;0.000000
Point;CP 12;-876.086609;806.816772;-846.066284;0.735587;-0.677430;0.000000
Point;CP 13;-876.407227;806.468445;-1,242.151733;0.735856;-0.677138;0.000000
Point;CP 14;-876.339478;806.542053;-1,470.990112;0.735799;-0.677200;0.000000
Point;CP 15;-875.863159;807.059326;-1,942.472412;0.735400;-0.677633;0.000000
Point;CP 16;-875.386414;807.576416;-2,413.953369;0.734999;-0.678068;0.000000
Point;CP 17;-875.689880;807.247314;-2,500.742188;0.735254;-0.677791;0.000000
Point;CP 18;-876.053284;806.852905;-2,559.922607;0.735559;-0.677460;0.000000
Point;CP 1;-996.788208;651.839111;2,559.103027;0.836933;-0.547305;0.000000
Point;CP 2;-996.970642;651.560120;2,498.920898;0.837086;-0.547071;0.000000
Point;CP 3;-997.047180;651.442932;2,414.176758;0.837151;-0.546972;0.000000
Point;CP 4;-997.084351;651.386047;1,941.728027;0.837182;-0.546924;0.000000
Point;CP 5;-997.148987;651.287109;1,469.901855;0.837237;-0.546841;0.000000
Point;CP 6;-997.229370;651.164001;1,243.519043;0.837304;-0.546738;0.000000
Point;CP 7;-997.472717;650.791138;845.196777;0.837508;-0.546425;0.000000
Point;CP 8;-997.070679;651.406982;434.515625;0.837171;-0.546942;0.000000
Point;CP 9;-996.776062;651.857666;24.770752;0.836924;-0.547320;0.000000
Point;CP 10;-997.189819;651.224548;-26.827637;0.837271;-0.546789;0.000000
Point;CP 11;-996.567078;652.177124;-436.465576;0.836748;-0.547588;0.000000
Point;CP 12;-997.262207;651.113708;-842.789429;0.837331;-0.546696;0.000000
Point;CP 13;-996.812622;651.801758;-1,241.839966;0.836954;-0.547273;0.000000
Point;CP 14;-996.810791;651.804626;-1,468.828247;0.836952;-0.547276;0.000000
Point;CP 15;-996.950317;651.591187;-1,941.440552;0.837069;-0.547097;0.000000
Point;CP 16;-996.889893;651.683655;-2,415.549072;0.837019;-0.547174;0.000000
Point;CP 17;-997.053467;651.433350;-2,500.964844;0.837156;-0.546964;0.000000
Point;CP 18;-997.493164;650.759888;-2,559.018799;0.837525;-0.546399;0.000000
Point;CP 1;-1,090.566895;478.690643;2,556.920410;0.915674;-0.401922;0.000000
Point;CP 2;-1,090.302856;479.291748;2,498.442383;0.915452;-0.402427;0.000000
Point;CP 3;-1,090.503540;478.835175;2,411.951660;0.915621;-0.402043;0.000000
Point;CP 4;-1,090.413330;479.040527;1,941.429688;0.915545;-0.402216;0.000000
Point;CP 5;-1,090.399536;479.071930;1,467.265137;0.915533;-0.402243;0.000000
Point;CP 6;-1,090.445312;478.967590;1,244.236328;0.915572;-0.402154;0.000000
Point;CP 7;-1,090.284180;479.334229;843.553467;0.915437;-0.402463;0.000000
Point;CP 8;-1,090.547485;478.735107;435.356201;0.915657;-0.401960;0.000000
Point;CP 9;-1,090.396484;479.078827;25.247559;0.915531;-0.402247;0.000000
Point;CP 10;-1,090.545532;478.739563;-25.587402;0.915656;-0.401963;0.000000
Point;CP 11;-1,090.102783;479.746674;-434.846680;0.915284;-0.402808;0.000000
Point;CP 12;-1,090.099487;479.754333;-847.979736;0.915281;-0.402815;0.000000
Point;CP 13;-1,090.719238;478.343475;-1,245.403198;0.915802;-0.401630;0.000000
Point;CP 14;-1,090.885986;477.963226;-1,469.952271;0.915942;-0.401311;0.000000
Point;CP 15;-1,090.590088;478.637878;-1,942.411011;0.915694;-0.401877;0.000000
Point;CP 16;-1,090.551880;478.724884;-2,416.494385;0.915661;-0.401951;0.000000
Point;CP 17;-1,090.506226;478.828857;-2,501.922607;0.915623;-0.402038;0.000000
Point;CP 18;-1,090.741821;478.291962;-2,557.273926;0.915821;-0.401587;0.000000
Point;CP 1;-1,154.403564;292.973267;2,560.001465;0.969273;-0.245988;0.000000
Point;CP 2;-1,154.542114;292.426971;2,499.298828;0.969389;-0.245529;0.000000
Point;CP 3;-1,154.663086;291.948853;2,414.083984;0.969491;-0.245126;0.000000
Point;CP 4;-1,154.549805;292.396423;1,940.875977;0.969396;-0.245503;0.000000
Point;CP 5;-1,154.757202;291.576172;1,466.392578;0.969570;-0.244814;0.000000
Point;CP 6;-1,154.517212;292.525299;1,253.044189;0.969369;-0.245611;0.000000
Point;CP 7;-1,154.720093;291.723297;845.435303;0.969539;-0.244937;0.000000
Point;CP 8;-1,154.595947;292.214081;435.507324;0.969434;-0.245352;0.000000
Point;CP 9;-1,154.491455;292.626862;26.310791;0.969347;-0.245698;0.000000
Point;CP 10;-1,154.513184;292.541016;-24.972412;0.969365;-0.245627;0.000000
Point;CP 11;-1,154.671875;291.914246;-437.313232;0.969498;-0.245100;0.000000
Point;CP 12;-1,154.533569;292.460510;-845.077637;0.969382;-0.245559;0.000000
Point;CP 13;-1,154.448608;292.796082;-1,241.534668;0.969310;-0.245841;0.000000
Point;CP 14;-1,154.526367;292.489319;-1,462.744507;0.969376;-0.245583;0.000000
Point;CP 15;-1,154.617310;292.129913;-1,942.512817;0.969452;-0.245281;0.000000
Point;CP 16;-1,154.540527;292.433319;-2,417.120850;0.969388;-0.245536;0.000000
Point;CP 17;-1,154.459961;292.751129;-2,499.740723;0.969320;-0.245803;0.000000
Point;CP 18;-1,154.569946;292.317230;-2,559.391846;0.969412;-0.245439;0.000000
Point;CP 1;-1,186.930420;98.372124;2,560.312500;0.996583;-0.082596;0.000000
Point;CP 2;-1,186.859497;99.224785;2,499.062988;0.996523;-0.083312;0.000000
Point;CP 3;-1,186.896729;98.777664;2,415.623047;0.996555;-0.082936;0.000000
Point;CP 4;-1,186.948853;98.149429;1,945.546387;0.996599;-0.082409;0.000000
Point;CP 5;-1,186.923218;98.458801;1,470.718262;0.996577;-0.082668;0.000000
Point;CP 6;-1,186.917969;98.522110;1,239.866211;0.996573;-0.082722;0.000000
Point;CP 7;-1,186.916748;98.538010;846.396973;0.996572;-0.082735;0.000000
Point;CP 8;-1,186.965088;97.953728;438.041748;0.996612;-0.082244;0.000000
Point;CP 9;-1,186.907349;98.651184;25.468262;0.996564;-0.082830;0.000000
Point;CP 10;-1,186.908569;98.635849;-27.175781;0.996565;-0.082817;0.000000
Point;CP 11;-1,186.866577;99.140320;-439.633789;0.996529;-0.083241;0.000000
Point;CP 12;-1,186.852173;99.312325;-849.709229;0.996517;-0.083386;0.000000
Point;CP 13;-1,186.967407;97.925751;-1,244.957275;0.996614;-0.082221;0.000000
Point;CP 14;-1,186.921997;98.473495;-1,470.415771;0.996576;-0.082681;0.000000
Point;CP 15;-1,186.914551;98.563248;-1,939.207275;0.996570;-0.082756;0.000000
Point;CP 16;-1,186.932251;98.351204;-2,411.889160;0.996585;-0.082578;0.000000
Point;CP 17;-1,186.961670;97.995499;-2,499.298828;0.996609;-0.082279;0.000000
Point;CP 18;-1,186.928955;98.390244;-2,554.403320;0.996582;-0.082611;0.000000
Point;CP 1;-1,187.048706;-96.935486;2,556.708008;0.996682;0.081391;0.000000
Point;CP 2;-1,187.040894;-97.030380;2,496.116211;0.996676;0.081471;0.000000
Point;CP 3;-1,186.976562;-97.814369;2,411.225586;0.996622;0.082129;0.000000
Point;CP 4;-1,186.973633;-97.850182;1,941.769531;0.996619;0.082159;0.000000
Point;CP 5;-1,186.901245;-98.724655;1,472.000977;0.996559;0.082893;0.000000
Point;CP 6;-1,187.005737;-97.460320;1,247.843506;0.996646;0.081832;0.000000
Point;CP 7;-1,186.977783;-97.798782;850.718018;0.996623;0.082116;0.000000
Point;CP 8;-1,187.078979;-96.563835;440.595459;0.996707;0.081083;0.000000
Point;CP 9;-1,187.043823;-96.994576;24.032715;0.996678;0.081441;0.000000
Point;CP 10;-1,186.965698;-97.946121;-25.576172;0.996613;0.082239;0.000000
Point;CP 11;-1,187.097900;-96.330231;-434.166260;0.996723;0.080887;0.000000
Point;CP 12;-1,187.006592;-97.448853;-846.609985;0.996647;0.081822;0.000000
Point;CP 13;-1,187.029785;-97.166687;-1,245.734131;0.996666;0.081585;0.000000
Point;CP 14;-1,187.043335;-96.999908;-1,464.251099;0.996678;0.081445;0.000000
Point;CP 15;-1,187.052856;-96.883430;-1,947.634399;0.996686;0.081347;0.000000
Point;CP 16;-1,186.965454;-97.949554;-2,407.175049;0.996612;0.082245;0.000000
Point;CP 17;-1,186.940308;-98.253227;-2,496.645996;0.996591;0.082497;0.000000
Point;CP 18;-1,186.883911;-98.931870;-2,559.955078;0.996544;0.083067;0.000000
Point;CP 1;-1,154.757446;-291.575470;2,557.846191;0.969569;0.244820;0.000000
Point;CP 2;-1,154.882935;-291.077942;2,499.687988;0.969674;0.244402;0.000000
Point;CP 3;-1,154.716553;-291.737366;2,417.029785;0.969533;0.244962;0.000000
Point;CP 4;-1,154.619263;-292.122040;1,943.695801;0.969453;0.245279;0.000000
Point;CP 5;-1,154.373901;-293.090424;1,470.486816;0.969247;0.246090;0.000000
Point;CP 6;-1,154.696655;-291.816071;1,242.341553;0.969518;0.245022;0.000000
Point;CP 7;-1,154.627075;-292.091095;847.889160;0.969460;0.245251;0.000000
Point;CP 8;-1,154.388550;-293.032623;438.275879;0.969260;0.246040;0.000000
Point;CP 9;-1,154.695801;-291.819702;27.555176;0.969517;0.245023;0.000000
Point;CP 10;-1,154.731323;-291.678711;-24.238037;0.969547;0.244905;0.000000
Point;CP 11;-1,154.616211;-292.134247;-432.545410;0.969452;0.245280;0.000000
Point;CP 12;-1,154.591431;-292.231934;-841.743286;0.969431;0.245365;0.000000
Point;CP 13;-1,154.698853;-291.807220;-1,240.386719;0.969521;0.245008;0.000000
Point;CP 14;-1,154.591675;-292.231323;-1,465.825562;0.969432;0.245362;0.000000
Point;CP 15;-1,154.875000;-291.109589;-1,939.158813;0.969669;0.244422;0.000000
Point;CP 16;-1,154.676270;-291.896942;-2,412.504639;0.969502;0.245084;0.000000
Point;CP 17;-1,154.870972;-291.125519;-2,498.169922;0.969666;0.244436;0.000000
Point;CP 18;-1,154.721558;-291.717346;-2,556.003418;0.969540;0.244933;0.000000
Point;CP 1;-1,090.688843;-478.412750;2,559.358887;0.915776;0.401688;0.000000
Point;CP 2;-1,090.767456;-478.233551;2,501.954102;0.915842;0.401538;0.000000
Point;CP 3;-1,090.558716;-478.709534;2,415.923828;0.915668;0.401936;0.000000
Point;CP 4;-1,090.820068;-478.113617;1,941.913574;0.915886;0.401437;0.000000
Point;CP 5;-1,090.908081;-477.912842;1,470.622559;0.915960;0.401269;0.000000
Point;CP 6;-1,091.091919;-477.492920;1,245.848145;0.916115;0.400917;0.000000
Point;CP 7;-1,090.485229;-478.876801;847.176514;0.915605;0.402078;0.000000
Point;CP 8;-1,090.900391;-477.930359;436.829102;0.915954;0.401284;0.000000
Point;CP 9;-1,090.638794;-478.526825;27.602051;0.915735;0.401783;0.000000
Point;CP 10;-1,090.838745;-478.070923;-25.097412;0.915902;0.401402;0.000000
Point;CP 11;-1,091.390381;-476.810425;-434.310547;0.916365;0.400343;0.000000
Point;CP 12;-1,090.751343;-478.270447;-843.530640;0.915829;0.401569;0.000000
Point;CP 13;-1,090.771973;-478.223145;-1,239.676392;0.915846;0.401529;0.000000
Point;CP 14;-1,090.768188;-478.231934;-1,466.940063;0.915843;0.401536;0.000000
Point;CP 15;-1,091.095093;-477.485504;-1,939.665894;0.916117;0.400910;0.000000
Point;CP 16;-1,090.882568;-477.971039;-2,413.817627;0.915939;0.401318;0.000000
Point;CP 17;-1,091.171387;-477.311127;-2,497.904785;0.916182;0.400763;0.000000
Point;CP 18;-1,091.194946;-477.257233;-2,555.953125;0.916201;0.400718;0.000000
Point;CP 1;-996.861572;-651.726929;2,561.305664;0.836995;0.547211;0.000000
Point;CP 2;-997.519287;-650.719788;2,501.292969;0.837547;0.546365;0.000000
Point;CP 3;-997.530212;-650.703064;2,415.605469;0.837556;0.546351;0.000000
Point;CP 4;-997.515930;-650.724976;1,942.979492;0.837545;0.546369;0.000000
Point;CP 5;-997.399780;-650.902954;1,469.329590;0.837447;0.546519;0.000000
Point;CP 6;-997.720032;-650.411926;1,243.807617;0.837716;0.546106;0.000000
Point;CP 7;-997.838623;-650.230042;846.092529;0.837816;0.545953;0.000000
Point;CP 8;-997.654785;-650.512085;435.739502;0.837661;0.546191;0.000000
Point;CP 9;-997.717224;-650.416260;28.154053;0.837714;0.546110;0.000000
Point;CP 10;-998.017944;-649.954773;-24.577393;0.837966;0.545722;0.000000
Point;CP 11;-998.069885;-649.875061;-435.298340;0.838010;0.545655;0.000000
Point;CP 12;-997.788696;-650.306641;-843.092896;0.837773;0.546018;0.000000
Point;CP 13;-997.607239;-650.585022;-1,244.608276;0.837621;0.546252;0.000000
Point;CP 14;-997.333496;-651.004517;-1,468.804810;0.837391;0.546604;0.000000
Point;CP 15;-997.754333;-650.359314;-1,940.856201;0.837745;0.546062;0.000000
Point;CP 16;-997.835510;-650.234741;-2,414.566406;0.837813;0.545957;0.000000
Point;CP 17;-998.043091;-649.916138;-2,500.004639;0.837987;0.545690;0.000000
Point;CP 18;-997.326477;-651.015320;-2,556.013916;0.837385;0.546613;0.000000
Point;CP 1;-876.441956;-806.430725;2,558.932617;0.735886;0.677106;0.000000
Point;CP 2;-876.942017;-805.886902;2,500.528320;0.736306;0.676649;0.000000
Point;CP 3;-877.251770;-805.549744;2,416.297363;0.736566;0.676366;0.000000
Point;CP 4;-877.174805;-805.633484;1,940.648926;0.736501;0.676437;0.000000
Point;CP 5;-876.531677;-806.333252;1,470.585938;0.735961;0.677024;0.000000
Point;CP 6;-876.411377;-806.463928;1,244.909668;0.735860;0.677134;0.000000
Point;CP 7;-877.110107;-805.703918;844.954102;0.736446;0.676496;0.000000
Point;CP 8;-877.034546;-805.786194;436.892334;0.736383;0.676565;0.000000
Point;CP 9;-876.663147;-806.190247;26.630615;0.736071;0.676904;0.000000
Point;CP 10;-877.264587;-805.535767;-24.980713;0.736576;0.676355;0.000000
Point;CP 11;-876.893250;-805.939941;-435.242676;0.736265;0.676694;0.000000
Point;CP 12;-876.455444;-806.416077;-845.408569;0.735897;0.677093;0.000000
Point;CP 13;-876.487366;-806.381348;-1,243.075195;0.735924;0.677064;0.000000
Point;CP 14;-876.817749;-806.022095;-1,468.436157;0.736201;0.676763;0.000000
Point;CP 15;-876.845642;-805.991760;-1,940.348145;0.736224;0.676738;0.000000
Point;CP 16;-876.463379;-806.407471;-2,415.314941;0.735904;0.677086;0.000000
Point;CP 17;-877.597839;-805.172729;-2,499.458008;0.736856;0.676050;0.000000
Point;CP 18;-876.427429;-806.446472;-2,558.268066;0.735873;0.677119;0.000000
Point;CP 1;-732.184021;-939.354858;2,559.707520;0.614760;0.788714;0.000000
Point;CP 2;-732.567383;-939.055908;2,499.514648;0.615082;0.788463;0.000000
Point;CP 3;-732.811890;-938.865112;2,414.426270;0.615288;0.788303;0.000000
Point;CP 4;-731.682678;-939.745422;1,942.454102;0.614340;0.789042;0.000000
Point;CP 5;-732.076172;-939.438904;1,468.449219;0.614670;0.788785;0.000000
Point;CP 6;-731.403564;-939.962708;1,245.953857;0.614104;0.789225;0.000000
Point;CP 7;-732.367432;-939.211914;845.967041;0.614914;0.788594;0.000000
Point;CP 8;-732.203186;-939.339905;436.518066;0.614776;0.788701;0.000000
Point;CP 9;-732.364929;-939.213806;28.270020;0.614912;0.788596;0.000000
Point;CP 10;-732.817261;-938.860962;-23.159912;0.615291;0.788300;0.000000
Point;CP 11;-732.250366;-939.303162;-434.818604;0.614816;0.788671;0.000000
Point;CP 12;-732.740051;-938.921204;-845.634033;0.615227;0.788350;0.000000
Point;CP 13;-732.234192;-939.315796;-1,242.830566;0.614802;0.788681;0.000000
Point;CP 14;-731.989929;-939.506104;-1,467.327393;0.614597;0.788841;0.000000
Point;CP 15;-732.399109;-939.187195;-1,942.120850;0.614941;0.788573;0.000000
Point;CP 16;-731.793640;-939.658997;-2,414.020752;0.614432;0.788969;0.000000
Point;CP 17;-733.603210;-938.246948;-2,498.253662;0.615953;0.787783;0.000000
Point;CP 18;-732.089172;-939.428772;-2,556.722168;0.614680;0.788776;0.000000
Point;CP 1;-567.312805;-1,047.204468;2,561.363770;0.476326;0.879269;0.000000
Point;CP 2;-567.741882;-1,046.971924;2,499.841797;0.476687;0.879073;0.000000
Point;CP 3;-567.836121;-1,046.920776;2,416.220215;0.476766;0.879030;0.000000
Point;CP 4;-567.577026;-1,047.061279;1,940.455078;0.476548;0.879149;0.000000
Point;CP 5;-568.156555;-1,046.746948;1,468.039551;0.477035;0.878884;0.000000
Point;CP 6;-567.965576;-1,046.850586;1,242.651855;0.476875;0.878971;0.000000
Point;CP 7;-567.167053;-1,047.283447;847.432861;0.476204;0.879335;0.000000
Point;CP 8;-567.899536;-1,046.886353;435.003174;0.476820;0.879001;0.000000
Point;CP 9;-567.912659;-1,046.879272;27.119385;0.476831;0.878995;0.000000
Point;CP 10;-567.674683;-1,047.008301;-25.750488;0.476631;0.879104;0.000000
Point;CP 11;-567.319885;-1,047.200684;-435.322998;0.476333;0.879265;0.000000
Point;CP 12;-567.467590;-1,047.120605;-842.348267;0.476451;0.879201;0.000000
Point;CP 13;-567.272705;-1,047.226196;-1,241.665405;0.476292;0.879287;0.000000
Point;CP 14;-566.729553;-1,047.520264;-1,466.921143;0.475836;0.879534;0.000000
Point;CP 15;-565.545166;-1,048.160156;-1,938.991455;0.474842;0.880071;0.000000
Point;CP 16;-565.315552;-1,048.284058;-2,408.774170;0.474642;0.880179;0.000000
Point;CP 17;-567.503723;-1,047.101074;-2,498.740723;0.476487;0.879182;0.000000
Point;CP 18;-566.921753;-1,047.416260;-2,555.623779;0.475995;0.879448;0.000000
Point;CP 1;-388.507599;-1,125.852051;2,556.685547;0.326197;0.945302;0.000000
Point;CP 2;-387.549377;-1,126.182251;2,499.980957;0.325391;0.945580;0.000000
Point;CP 3;-388.053986;-1,126.008423;2,415.286621;0.325815;0.945434;0.000000
Point;CP 4;-387.550842;-1,126.181763;1,941.318359;0.325392;0.945579;0.000000
Point;CP 5;-386.827606;-1,126.430420;1,471.552246;0.324784;0.945788;0.000000
Point;CP 6;-385.786560;-1,126.787354;1,244.605225;0.323909;0.946088;0.000000
Point;CP 7;-388.298950;-1,125.924072;846.726562;0.326022;0.945362;0.000000
Point;CP 8;-387.337830;-1,126.255005;434.528320;0.325214;0.945641;0.000000
Point;CP 9;-388.348541;-1,125.906982;24.976318;0.326063;0.945348;0.000000
Point;CP 10;-385.871063;-1,126.758423;-21.846436;0.323980;0.946064;0.000000
Point;CP 11;-387.119690;-1,126.330078;-435.922607;0.325028;0.945705;0.000000
Point;CP 12;-387.026794;-1,126.361938;-846.012939;0.324951;0.945731;0.000000
Point;CP 13;-387.787079;-1,126.100464;-1,241.775513;0.325591;0.945511;0.000000
Point;CP 14;-387.852203;-1,126.078003;-1,467.269409;0.325645;0.945492;0.000000
Point;CP 15;-386.774658;-1,126.448608;-1,940.013916;0.324739;0.945804;0.000000
Point;CP 16;-386.891785;-1,126.408325;-2,413.174072;0.324838;0.945770;0.000000
Point;CP 17;-387.010406;-1,126.367554;-2,498.421631;0.324937;0.945736;0.000000
Point;CP 18;-387.260956;-1,126.281494;-2,555.021973;0.325148;0.945663;0.000000
Point;CP 1;-197.575623;-1,174.497681;2,559.658203;0.165889;0.986144;0.000000
Point;CP 2;-196.920990;-1,174.607666;2,503.373047;0.165338;0.986237;0.000000
Point;CP 3;-196.856232;-1,174.618530;2,415.301758;0.165282;0.986246;0.000000
Point;CP 4;-195.979233;-1,174.765137;1,946.722656;0.164544;0.986370;0.000000
Point;CP 5;-195.875885;-1,174.782349;1,473.107422;0.164457;0.986384;0.000000
Point;CP 6;-196.649612;-1,174.653076;1,245.290771;0.165109;0.986275;0.000000
Point;CP 7;-196.633118;-1,174.655884;849.131836;0.165095;0.986278;0.000000
Point;CP 8;-196.780838;-1,174.631104;437.428711;0.165219;0.986257;0.000000
Point;CP 9;-195.757248;-1,174.802124;28.211426;0.164357;0.986401;0.000000
Point;CP 10;-196.574722;-1,174.665649;-25.883789;0.165046;0.986286;0.000000
Point;CP 11;-197.218430;-1,174.557739;-437.394043;0.165588;0.986195;0.000000
Point;CP 12;-196.911804;-1,174.609131;-845.060303;0.165330;0.986238;0.000000
Point;CP 13;-196.557785;-1,174.668457;-1,242.387451;0.165032;0.986288;0.000000
Point;CP 14;-196.638702;-1,174.654907;-1,467.598022;0.165099;0.986277;0.000000
Point;CP 15;-197.203232;-1,174.560303;-1,942.614746;0.165578;0.986197;0.000000
Point;CP 16;-196.514130;-1,174.675781;-2,413.610596;0.165000;0.986294;0.000000
Point;CP 17;-196.678146;-1,174.648315;-2,498.221191;0.165138;0.986271;0.000000
Point;CP 18;-196.360611;-1,174.701416;-2,557.996338;0.164871;0.986315;0.000000
Point;CP 1;-1.166204;-1,190.999390;2,556.347168;0.000979;1.000000;0.000000
Point;CP 2;-1.165646;-1,190.999390;2,500.342773;0.000978;1.000000;0.000000
Point;CP 3;-1.186996;-1,190.999390;2,413.726562;0.000996;1.000000;0.000000
Point;CP 4;-1.148946;-1,190.999390;1,941.599121;0.000964;1.000000;0.000000
Point;CP 5;-1.500713;-1,190.999023;1,466.942383;0.001260;0.999999;0.000000
Point;CP 6;-2.252180;-1,190.997925;1,242.855469;0.001891;0.999998;0.000000
Point;CP 7;-2.589104;-1,190.997192;841.173340;0.002174;0.999998;0.000000
Point;CP 8;-1.334529;-1,190.999268;433.865723;0.001120;0.999999;0.000000
Point;CP 9;-0.545362;-1,190.999878;25.059082;0.000458;1.000000;0.000000
Point;CP 10;-0.523941;-1,190.999878;-25.214355;0.000440;1.000000;0.000000
Point;CP 11;-1.220142;-1,190.999390;-437.151611;0.001024;1.000000;0.000000
Point;CP 12;-0.575417;-1,190.999878;-845.975098;0.000483;1.000000;0.000000
Point;CP 13;-0.539327;-1,190.999878;-1,245.542847;0.000453;1.000000;0.000000
Point;CP 14;-1.081643;-1,190.999512;-1,470.765503;0.000908;1.000000;0.000000
Point;CP 15;-0.372723;-1,191.000000;-1,939.440796;0.000313;1.000000;0.000000
Point;CP 16;-0.773403;-1,190.999756;-2,415.271484;0.000649;1.000000;0.000000
Point;CP 17;-0.079402;-1,191.000000;-2,498.635010;0.000067;1.000000;0.000000
Point;CP 18;-1.438951;-1,190.999146;-2,559.433594;0.001208;0.999999;0.000000
Point;CP 1;197.085617;-1,174.580078;2,558.331055;-0.165479;0.986213;0.000000
Point;CP 2;195.325516;-1,174.874023;2,499.812988;-0.164003;0.986460;0.000000
Point;CP 3;194.900757;-1,174.944580;2,414.276367;-0.163650;0.986519;0.000000
Point;CP 4;195.213684;-1,174.892578;1,941.687012;-0.163909;0.986476;0.000000
Point;CP 5;194.895737;-1,174.945435;1,468.702637;-0.163642;0.986520;0.000000
Point;CP 6;194.819107;-1,174.958130;1,242.841309;-0.163578;0.986530;0.000000
Point;CP 7;194.841064;-1,174.954468;845.747803;-0.163596;0.986528;0.000000
Point;CP 8;195.149933;-1,174.903198;437.488281;-0.163855;0.986485;0.000000
Point;CP 9;195.817276;-1,174.792114;26.360596;-0.164416;0.986391;0.000000
Point;CP 10;194.222519;-1,175.056885;-25.181396;-0.163077;0.986613;0.000000
Point;CP 11;195.609497;-1,174.826782;-436.334717;-0.164243;0.986420;0.000000
Point;CP 12;196.132278;-1,174.739624;-846.761841;-0.164680;0.986347;0.000000
Point;CP 13;195.289429;-1,174.880005;-1,244.124146;-0.163973;0.986465;0.000000
Point;CP 14;195.205261;-1,174.894043;-1,467.955933;-0.163902;0.986477;0.000000
Point;CP 15;194.812546;-1,174.959229;-1,941.617065;-0.163572;0.986531;0.000000
Point;CP 16;196.447510;-1,174.686890;-2,414.378418;-0.164945;0.986303;0.000000
Point;CP 17;195.715302;-1,174.809082;-2,499.201416;-0.164330;0.986406;0.000000
Point;CP 18;195.207031;-1,174.893677;-2,558.078369;-0.163903;0.986477;0.000000
Point;CP 1;386.747406;-1,126.457886;2,558.155762;-0.324729;0.945807;0.000000
Point;CP 2;387.410248;-1,126.230103;2,502.403320;-0.325286;0.945616;0.000000
Point;CP 3;386.072815;-1,126.689331;2,415.495605;-0.324169;0.945999;0.000000
Point;CP 4;386.623169;-1,126.500610;1,941.276855;-0.324625;0.945843;0.000000
Point;CP 5;386.398987;-1,126.577515;1,467.589844;-0.324437;0.945907;0.000000
Point;CP 6;386.053284;-1,126.696045;1,242.792725;-0.324147;0.946007;0.000000
Point;CP 7;386.086395;-1,126.684692;844.027832;-0.324175;0.945997;0.000000
Point;CP 8;387.128296;-1,126.327026;435.900635;-0.325049;0.945697;0.000000
Point;CP 9;386.187256;-1,126.650024;27.384033;-0.324266;0.945966;0.000000
Point;CP 10;386.714508;-1,126.469238;-25.390625;-0.324701;0.945817;0.000000
Point;CP 11;387.017456;-1,126.365112;-436.955566;-0.324956;0.945729;0.000000
Point;CP 12;385.980316;-1,126.720947;-847.132568;-0.324086;0.946028;0.000000
Point;CP 13;386.141113;-1,126.665894;-1,245.117432;-0.324221;0.945982;0.000000
Point;CP 14;387.321381;-1,126.260742;-1,468.266724;-0.325216;0.945640;0.000000
Point;CP 15;386.309814;-1,126.608032;-1,941.473267;-0.324362;0.945933;0.000000
Point;CP 16;386.859253;-1,126.419556;-2,415.491699;-0.324823;0.945775;0.000000
Point;CP 17;386.757019;-1,126.454590;-2,498.720947;-0.324738;0.945804;0.000000
Point;CP 18;385.903473;-1,126.747314;-2,560.317383;-0.324022;0.946050;0.000000
Point;CP 1;567.447754;-1,047.131348;2,560.990723;-0.476437;0.879209;0.000000
Point;CP 2;567.805786;-1,046.937256;2,498.915527;-0.476739;0.879045;0.000000
Point;CP 3;567.010193;-1,047.368286;2,415.820801;-0.476071;0.879407;0.000000
Point;CP 4;566.908264;-1,047.423462;1,944.014648;-0.475984;0.879454;0.000000
Point;CP 5;566.908875;-1,047.423218;1,466.571289;-0.475985;0.879453;0.000000
Point;CP 6;567.237366;-1,047.245361;1,242.668945;-0.476262;0.879304;0.000000
Point;CP 7;566.605225;-1,047.587524;846.336670;-0.475731;0.879591;0.000000
Point;CP 8;566.448364;-1,047.672363;436.562500;-0.475599;0.879662;0.000000
Point;CP 9;566.669373;-1,047.552734;26.884521;-0.475784;0.879562;0.000000
Point;CP 10;567.152161;-1,047.291504;-27.622559;-0.476189;0.879343;0.000000
Point;CP 11;566.995239;-1,047.376465;-437.397217;-0.476058;0.879414;0.000000
Point;CP 12;566.609253;-1,047.585327;-845.421021;-0.475734;0.879589;0.000000
Point;CP 13;567.115234;-1,047.311523;-1,243.862915;-0.476159;0.879359;0.000000
Point;CP 14;566.590576;-1,047.595459;-1,467.096924;-0.475718;0.879598;0.000000
Point;CP 15;565.680359;-1,048.087158;-1,941.099243;-0.474955;0.880010;0.000000
Point;CP 16;566.874939;-1,047.441528;-2,413.438477;-0.475956;0.879469;0.000000
Point;CP 17;567.114380;-1,047.311890;-2,499.956055;-0.476158;0.879360;0.000000
Point;CP 18;566.681519;-1,047.546143;-2,558.719482;-0.475795;0.879556;0.000000
Point;CP 1;731.586792;-939.820068;2,560.576660;-0.614257;0.789106;0.000000
Point;CP 2;731.867126;-939.601807;2,498.130371;-0.614492;0.788923;0.000000
Point;CP 3;731.076904;-940.216797;2,414.668945;-0.613829;0.789439;0.000000
Point;CP 4;732.086548;-939.430847;1,940.138184;-0.614677;0.788779;0.000000
Point;CP 5;731.551453;-939.847595;1,470.888672;-0.614227;0.789129;0.000000
Point;CP 6;732.323730;-939.245972;1,241.849365;-0.614876;0.788624;0.000000
Point;CP 7;731.206604;-940.115906;843.103027;-0.613937;0.789355;0.000000
Point;CP 8;731.899780;-939.576355;433.487793;-0.614519;0.788902;0.000000
Point;CP 9;731.462280;-939.916992;20.461670;-0.614147;0.789192;0.000000
Point;CP 10;732.615479;-939.018372;-29.814453;-0.615119;0.788434;0.000000
Point;CP 11;731.691589;-939.738464;-433.574951;-0.614345;0.789038;0.000000
Point;CP 12;731.644287;-939.775330;-845.007812;-0.614305;0.789068;0.000000
Point;CP 13;732.439514;-939.155640;-1,243.081909;-0.614974;0.788548;0.000000
Point;CP 14;731.084290;-940.210999;-1,470.398438;-0.613835;0.789434;0.000000
Point;CP 15;731.455383;-939.922363;-1,945.086548;-0.614145;0.789193;0.000000
Point;CP 16;731.132935;-940.173218;-2,414.675537;-0.613876;0.789402;0.000000
Point;CP 17;731.268311;-940.067932;-2,502.251221;-0.613989;0.789314;0.000000
Point;CP 18;731.572449;-939.831238;-2,561.092285;-0.614245;0.789115;0.000000
Point;CP 1;875.832642;-807.092407;2,560.938477;-0.735373;0.677663;0.000000
Point;CP 2;876.302368;-806.582397;2,501.847168;-0.735767;0.677235;0.000000
Point;CP 3;876.262512;-806.625732;2,417.237793;-0.735733;0.677271;0.000000
Point;CP 4;876.236694;-806.653748;1,940.939941;-0.735712;0.677294;0.000000
Point;CP 5;876.312744;-806.571167;1,469.746094;-0.735776;0.677225;0.000000
Point;CP 6;875.907043;-807.011719;1,242.909912;-0.735435;0.677595;0.000000
Point;CP 7;876.022705;-806.886108;847.217285;-0.735532;0.677490;0.000000
Point;CP 8;876.439758;-806.433105;437.243896;-0.735882;0.677110;0.000000
Point;CP 9;875.797241;-807.130859;24.903809;-0.735343;0.677695;0.000000
Point;CP 10;876.525757;-806.339600;-27.324463;-0.735955;0.677030;0.000000
Point;CP 11;876.677856;-806.174255;-437.889160;-0.736083;0.676892;0.000000
Point;CP 12;876.377319;-806.500916;-845.599121;-0.735830;0.677166;0.000000
Point;CP 13;876.169373;-806.726868;-1,243.650391;-0.735656;0.677355;0.000000
Point;CP 14;876.184021;-806.710999;-1,467.997437;-0.735668;0.677342;0.000000
Point;CP 15;876.201111;-806.692444;-1,942.307373;-0.735682;0.677327;0.000000
Point;CP 16;876.254028;-806.634949;-2,416.807617;-0.735727;0.677279;0.000000
Point;CP 17;876.289978;-806.595825;-2,504.408447;-0.735755;0.677248;0.000000
Point;CP 18;876.361816;-806.517822;-2,562.703613;-0.735816;0.677181;0.000000
Point;CP 1;997.348633;-650.981323;2,559.220703;-0.837403;0.546586;0.000000
Point;CP 2;997.481201;-650.778137;2,501.155273;-0.837515;0.546415;0.000000
Point;CP 3;997.047424;-651.442566;2,415.375488;-0.837150;0.546973;0.000000
Point;CP 4;997.217224;-651.182617;1,939.914551;-0.837293;0.546755;0.000000
Point;CP 5;996.997314;-651.519226;1,467.458496;-0.837108;0.547038;0.000000
Point;CP 6;996.598083;-652.129761;1,245.843262;-0.836773;0.547551;0.000000
Point;CP 7;997.056580;-651.428528;842.382080;-0.837158;0.546962;0.000000
Point;CP 8;997.224670;-651.171265;433.834961;-0.837299;0.546745;0.000000
Point;CP 9;997.207275;-651.197876;23.773926;-0.837285;0.546768;0.000000
Point;CP 10;997.013184;-651.494995;-24.550049;-0.837122;0.547017;0.000000
Point;CP 11;996.781067;-651.850098;-436.695068;-0.836927;0.547315;0.000000
Point;CP 12;997.085999;-651.383545;-845.541870;-0.837182;0.546924;0.000000
Point;CP 13;997.668823;-650.490540;-1,245.495117;-0.837672;0.546174;0.000000
Point;CP 14;997.635803;-650.541138;-1,468.226074;-0.837645;0.546216;0.000000
Point;CP 15;997.141174;-651.299072;-1,941.887695;-0.837229;0.546852;0.000000
Point;CP 16;997.594971;-650.603760;-2,418.020996;-0.837610;0.546269;0.000000
Point;CP 17;996.970215;-651.560730;-2,498.032471;-0.837085;0.547072;0.000000
Point;CP 18;997.767456;-650.339233;-2,562.353027;-0.837754;0.546047;0.000000
Point;CP 1;1,090.965332;-477.782013;2,559.630859;-0.916008;0.401160;0.000000
Point;CP 2;1,090.861328;-478.019470;2,500.682617;-0.915921;0.401360;0.000000
Point;CP 3;1,090.849243;-478.046906;2,413.207031;-0.915910;0.401383;0.000000
Point;CP 4;1,090.934570;-477.852203;1,939.887695;-0.915982;0.401219;0.000000
Point;CP 5;1,090.443115;-478.972778;1,462.776855;-0.915569;0.402160;0.000000
Point;CP 6;1,090.549927;-478.729340;1,238.191162;-0.915659;0.401956;0.000000
Point;CP 7;1,090.589722;-478.638702;844.913330;-0.915692;0.401880;0.000000
Point;CP 8;1,090.696777;-478.394836;435.191406;-0.915783;0.401675;0.000000
Point;CP 9;1,090.831299;-478.087982;28.010498;-0.915896;0.401417;0.000000
Point;CP 10;1,090.897705;-477.936371;-25.803955;-0.915951;0.401290;0.000000
Point;CP 11;1,090.829590;-478.091797;-436.676758;-0.915894;0.401420;0.000000
Point;CP 12;1,090.936523;-477.847839;-846.398438;-0.915984;0.401216;0.000000
Point;CP 13;1,090.587402;-478.644073;-1,246.647827;-0.915691;0.401884;0.000000
Point;CP 14;1,090.421875;-479.021057;-1,469.673340;-0.915552;0.402201;0.000000
Point;CP 15;1,090.429810;-479.002838;-1,943.870239;-0.915558;0.402185;0.000000
Point;CP 16;1,090.437866;-478.984619;-2,418.065430;-0.915565;0.402171;0.000000
Point;CP 17;1,090.669312;-478.457397;-2,500.649902;-0.915759;0.401727;0.000000
Point;CP 18;1,090.799438;-478.160706;-2,562.872070;-0.915869;0.401478;0.000000
