Point;CP 1;1,188.151936;-97.127079;2,561.002441;-0.996241;0.086618;-0.000724
Point;CP 2;1,188.142537;-97.238690;2,498.606934;-0.996293;0.086022;0.000318
Point;CP 3;1,188.129975;-97.158546;2,413.910645;-0.996305;0.085885;0.000591
Point;CP 4;1,187.722069;-98.902179;1,941.561035;-0.996558;0.082900;0.000235
Point;CP 5;1,187.521361;-97.113280;1,465.433105;-0.996615;0.082200;0.000981
Point;CP 6;1,187.557940;-97.615705;1,243.236572;-0.996785;0.080120;-0.000244
Point;CP 7;1,187.844215;-98.122078;846.562500;-0.996330;0.085591;-0.000563
Point;CP 8;1,188.073081;-97.249786;431.079102;-0.996420;0.084530;0.001577
Point;CP 9;1,187.798795;-97.641436;25.577393;-0.996326;0.085630;-0.001310
Point;CP 10;1,187.840466;-97.549296;-26.795166;-0.996328;0.085622;0.000383
Point;CP 11;1,188.009221;-98.157600;-438.777832;-0.996373;0.085095;-0.000576
Point;CP 12;1,188.204633;-98.195228;-848.774292;-0.996739;0.080420;0.006680
Point;CP 13;1,188.055791;-97.450725;-1,250.304688;-0.996534;0.083181;0.000293
Point;CP 14;1,188.107089;-98.656341;-1,471.527954;-0.996553;0.082944;-0.001709
Point;CP 15;1,187.989058;-97.374853;-1,943.345947;-0.996500;0.083587;-0.000197
Point;CP 16;1,187.877650;-98.009251;-2,417.621826;-0.996637;0.081948;0.000038
Point;CP 17;1,187.929828;-97.725931;-2,500.173340;-0.996699;0.081187;-0.000127
Point;CP 18;1,187.938549;-97.893138;-2,559.233398;-0.996706;0.081094;0.000905
Point;CP 1;1,155.569400;-292.207163;2,558.563965;-0.969651;0.244492;0.000045
Point;CP 2;1,155.441059;-292.532370;2,500.363770;-0.968328;0.249681;0.000384
Point;CP 3;1,155.625369;-291.650814;2,412.705078;-0.969692;0.244324;0.001716
Point;CP 4;1,155.386953;-292.127323;1,939.811523;-0.969300;0.245882;-0.000227
Point;CP 5;1,155.104964;-291.745568;1,467.083984;-0.969113;0.246614;0.000832
Point;CP 6;1,154.876091;-292.513456;1,240.862061;-0.968085;0.250623;0.000345
Point;CP 7;1,155.224613;-291.427186;844.518066;-0.968332;0.249663;0.000937
Point;CP 8;1,154.884948;-292.454324;429.534912;-0.967418;0.253163;-0.003203
Point;CP 9;1,154.634181;-292.619479;25.908936;-0.967049;0.254590;0.000493
Point;CP 10;1,154.547314;-293.025420;-23.953613;-0.967845;0.251547;0.000654
Point;CP 11;1,154.799831;-292.909328;-437.760254;-0.967610;0.252445;-0.001766
Point;CP 12;1,155.459452;-291.692351;-849.103394;-0.968923;0.247269;0.006799
Point;CP 13;1,155.180646;-292.325608;-1,244.599976;-0.967798;0.251727;0.000310
Point;CP 14;1,155.552284;-291.321462;-1,468.703491;-0.968299;0.249793;-0.000548
Point;CP 15;1,154.998299;-292.925687;-1,943.579834;-0.968313;0.249738;-0.000268
Point;CP 16;1,155.472385;-292.080716;-2,418.854980;-0.969095;0.246687;-0.000555
Point;CP 17;1,155.380483;-292.810662;-2,501.173828;-0.969799;0.243900;-0.001748
Point;CP 18;1,155.552753;-292.324136;-2,557.448242;-0.970359;0.241668;-0.000566
Point;CP 1;1,187.614962;99.194446;2,562.885254;-0.996276;-0.086169;-0.002864
Point;CP 2;1,187.665247;98.284624;2,502.211426;-0.996078;-0.088477;0.000077
Point;CP 3;1,187.380455;100.568875;2,408.672852;-0.996220;-0.086817;0.003042
Point;CP 4;1,187.425162;98.777304;1,938.339355;-0.996571;-0.082742;0.000810
Point;CP 5;1,187.235687;97.886239;1,468.323242;-0.996625;-0.082092;0.000134
Point;CP 6;1,187.481378;98.424689;844.085693;-0.996269;-0.086214;0.003914
Point;CP 7;1,187.337553;98.043321;1,242.219238;-0.996264;-0.086355;-0.000907
Point;CP 8;1,187.421448;98.520520;435.202881;-0.996116;-0.088054;0.000296
Point;CP 9;1,187.333788;99.460264;25.397705;-0.996343;-0.085445;-0.000377
Point;CP 10;1,187.426697;98.638231;-26.135498;-0.996241;-0.086614;-0.001290
Point;CP 11;1,187.742574;97.408810;-437.500000;-0.996411;-0.084636;-0.001197
Point;CP 12;1,187.666738;99.005809;-848.068604;-0.996212;-0.086660;0.007128
Point;CP 13;1,187.518791;98.970588;-1,244.013916;-0.996298;-0.085961;0.000488
Point;CP 14;1,187.671526;99.131141;-1,469.619507;-0.996250;-0.086518;-0.000087
Point;CP 15;1,187.667074;98.810696;-1,943.009033;-0.996233;-0.086722;0.000275
Point;CP 16;1,187.904106;98.378632;-2,415.263672;-0.996287;-0.086095;-0.000052
Point;CP 17;1,187.940424;98.697613;-2,501.655273;-0.996473;-0.083918;-0.000378
Point;CP 18;1,188.083039;98.406999;-2,559.843750;-0.996652;-0.081741;-0.001902
Point;CP 1;1,154.781102;292.604016;2,556.766113;-0.968005;-0.250930;-0.000958
Point;CP 2;1,154.799209;292.614255;2,499.799316;-0.969889;-0.243544;0.001485
Point;CP 3;1,154.801136;292.814059;2,411.942383;-0.969973;-0.243197;-0.002840
Point;CP 4;1,154.858691;293.012014;1,941.939941;-0.969481;-0.245165;-0.000910
Point;CP 5;1,154.599469;292.705679;1,466.678711;-0.969785;-0.243963;0.000196
Point;CP 6;1,154.630515;292.484885;1,242.420410;-0.969721;-0.244214;0.000003
Point;CP 7;1,154.593882;293.332711;846.747803;-0.969821;-0.243814;0.001154
Point;CP 8;1,154.416516;292.575646;435.631836;-0.967740;-0.251952;-0.000193
Point;CP 9;1,154.253609;292.456615;26.423584;-0.967785;-0.251775;-0.001086
Point;CP 10;1,154.180071;292.772650;-26.430664;-0.967428;-0.253144;0.001104
Point;CP 11;1,154.565673;292.507615;-436.575195;-0.967707;-0.252054;-0.003567
Point;CP 12;1,154.749645;293.069042;-846.059937;-0.968026;-0.250827;0.003239
Point;CP 13;1,155.378157;290.872526;-1,248.465820;-0.969409;-0.245433;0.002855
Point;CP 14;1,155.241698;291.495925;-1,469.223999;-0.969121;-0.246583;-0.000919
Point;CP 15;1,155.377213;291.491926;-1,947.854126;-0.969029;-0.246945;0.000031
Point;CP 16;1,155.395393;292.926655;-2,418.739746;-0.969187;-0.246310;0.002629
Point;CP 17;1,155.411772;293.042414;-2,505.093994;-0.969309;-0.245845;-0.000197
Point;CP 18;1,155.780360;292.108013;-2,566.239014;-0.968458;-0.249177;0.000631
Point;CP 1;1,090.733716;479.032317;2,559.716797;-0.916560;-0.399896;-0.000025
Point;CP 2;1,090.531346;479.450179;2,500.298340;-0.916099;-0.400953;0.000122
Point;CP 3;1,090.713385;478.995174;2,414.096680;-0.918647;-0.395078;0.000527
Point;CP 4;1,090.909312;478.563728;1,940.616211;-0.915123;-0.403172;0.001656
Point;CP 5;1,090.275297;478.416745;1,468.283203;-0.915281;-0.402817;0.000588
Point;CP 6;1,090.242188;478.327394;1,243.032227;-0.913717;-0.406350;0.001081
Point;CP 7;1,090.212746;478.345652;845.379639;-0.913892;-0.405955;0.001708
Point;CP 8;1,089.705198;479.097318;435.838623;-0.915529;-0.402253;0.000136
Point;CP 9;1,089.621546;478.230631;25.419434;-0.915820;-0.401587;0.001375
Point;CP 10;1,089.656242;478.152229;-26.278564;-0.918311;-0.395859;-0.000665
Point;CP 11;1,089.656208;478.552018;-434.627686;-0.913619;-0.406567;-0.001785
Point;CP 12;1,089.818732;478.525108;-846.673584;-0.912858;-0.408227;0.006397
Point;CP 13;1,090.599419;477.127034;-1,245.428711;-0.915305;-0.402759;-0.001286
Point;CP 14;1,090.284048;478.727157;-1,471.152832;-0.915779;-0.401682;-0.001038
Point;CP 15;1,090.848461;478.370424;-1,945.113647;-0.915833;-0.401560;-0.000582
Point;CP 16;1,091.243472;479.069068;-2,415.639160;-0.914258;-0.405131;-0.000517
Point;CP 17;1,091.210416;479.450452;-2,499.147705;-0.914170;-0.405322;-0.002640
Point;CP 18;1,091.544202;479.198496;-2,559.836182;-0.915805;-0.401617;-0.002148
Point;CP 1;997.161495;651.696542;2,557.140137;-0.836273;-0.548308;0.002350
Point;CP 2;996.931569;652.065336;2,499.624512;-0.836904;-0.547342;-0.002958
Point;CP 3;997.084974;651.766235;2,414.231934;-0.836599;-0.547815;0.001186
Point;CP 4;997.340824;650.837474;1,942.413086;-0.835856;-0.548949;0.000677
Point;CP 5;996.592458;650.917506;1,467.008789;-0.837747;-0.546059;0.000254
Point;CP 6;995.217721;652.685851;1,243.217285;-0.837417;-0.546561;0.002122
Point;CP 7;996.107353;650.956863;843.543945;-0.833865;-0.551930;0.006500
Point;CP 8;996.040948;650.678499;435.210693;-0.835366;-0.549694;-0.000676
Point;CP 9;996.457970;650.198940;24.719727;-0.834702;-0.550695;0.002671
Point;CP 10;996.768990;649.744292;-28.420898;-0.836165;-0.548476;-0.001279
Point;CP 11;996.637718;650.128284;-435.910645;-0.838827;-0.544398;0.000108
Point;CP 12;996.180250;650.755097;-846.335083;-0.826430;-0.562798;-0.016506
Point;CP 13;995.637006;652.004534;-1,243.686035;-0.836244;-0.548357;-0.000725
Point;CP 14;996.111670;651.994083;-1,469.974487;-0.837282;-0.546768;-0.001956
Point;CP 15;997.115770;651.331937;-1,942.776245;-0.836865;-0.547406;-0.001978
Point;CP 16;997.212632;651.806106;-2,415.376709;-0.835769;-0.549080;-0.000514
Point;CP 17;996.790898;652.669915;-2,500.972412;-0.836005;-0.548721;-0.001382
Point;CP 18;997.220559;652.168652;-2,560.633545;-0.835419;-0.549612;0.001215
Point;CP 1;876.080354;806.744248;2,557.623535;-0.732717;-0.680533;-0.000410
Point;CP 2;875.751732;806.893166;2,501.308594;-0.731404;-0.681937;0.003148
Point;CP 3;875.034379;807.458565;2,414.953613;-0.732435;-0.680836;0.001152
Point;CP 4;874.795340;807.594433;1,942.481934;-0.733899;-0.679255;-0.002031
Point;CP 5;874.626282;806.952138;1,468.143555;-0.731537;-0.681802;-0.000274
Point;CP 6;874.951397;806.566954;1,243.356201;-0.732488;-0.680780;0.000451
Point;CP 7;874.367142;806.922700;845.764160;-0.734132;-0.679007;0.000705
Point;CP 8;875.031531;806.921939;435.415039;-0.736926;-0.675973;-0.000844
Point;CP 9;874.421152;807.299324;24.872559;-0.733657;-0.679516;0.002204
Point;CP 10;876.028520;805.552150;-27.318848;-0.736670;-0.676252;0.000411
Point;CP 11;875.058810;807.533581;-436.339600;-0.741671;-0.670764;0.000117
Point;CP 12;875.226431;805.934490;-846.929565;-0.731454;-0.681863;0.006188
Point;CP 13;874.752206;806.525939;-1,245.809448;-0.731792;-0.681528;-0.000595
Point;CP 14;875.055441;806.767248;-1,470.905884;-0.730329;-0.683095;-0.001167
Point;CP 15;874.693740;807.759502;-1,942.566284;-0.736962;-0.675934;0.000184
Point;CP 16;875.138134;807.543613;-2,417.159912;-0.731295;-0.682060;-0.001361
Point;CP 17;875.201666;807.784199;-2,502.577637;-0.732934;-0.680298;-0.001520
Point;CP 18;875.502390;807.710209;-2,560.721924;-0.732760;-0.680485;-0.001520
Point;CP 1;731.135096;940.071571;2,560.474121;-0.613472;-0.789716;0.000628
Point;CP 2;731.146309;939.927675;2,497.858398;-0.613725;-0.789516;0.002646
Point;CP 3;730.596299;940.184210;2,414.013672;-0.614257;-0.789101;0.002939
Point;CP 4;730.645318;939.675201;1,939.413086;-0.614446;-0.788959;-0.000407
Point;CP 5;730.000874;939.505985;1,467.786133;-0.613648;-0.789580;0.000625
Point;CP 6;730.723306;938.636201;1,242.658203;-0.612378;-0.790562;0.002203
Point;CP 7;730.085759;938.544123;844.501465;-0.615316;-0.788278;0.001932
Point;CP 8;729.643231;940.006617;436.962158;-0.611174;-0.791496;-0.000042
Point;CP 9;730.077937;939.535966;22.406006;-0.614731;-0.788729;0.003631
Point;CP 10;730.343707;939.359651;-26.797119;-0.616974;-0.786978;-0.003011
Point;CP 11;729.963661;939.923296;-437.037598;-0.609519;-0.792771;0.000443
Point;CP 12;729.532726;939.703616;-846.088867;-0.626907;-0.779092;0.001890
Point;CP 13;731.011160;938.663441;-1,243.295898;-0.613413;-0.789761;-0.001583
Point;CP 14;729.486109;940.331759;-1,470.943604;-0.612959;-0.790113;-0.001641
Point;CP 15;730.555931;939.902618;-1,940.910889;-0.611499;-0.791245;-0.000230
Point;CP 16;730.093868;940.737562;-2,415.174561;-0.612522;-0.790451;-0.001946
Point;CP 17;730.528290;940.660901;-2,498.316895;-0.610555;-0.791970;-0.002358
Point;CP 18;731.474066;940.010327;-2,560.240479;-0.613412;-0.789763;0.000161
Point;CP 1;566.399630;1,047.518375;2,559.403809;-0.477238;-0.878773;0.001020
Point;CP 2;566.152224;1,047.459303;2,500.178711;-0.476927;-0.878941;0.002048
Point;CP 3;566.564232;1,047.206307;2,413.595703;-0.474079;-0.880481;0.001655
Point;CP 4;565.922531;1,047.234450;1,942.846680;-0.476673;-0.879081;-0.000231
Point;CP 5;565.711381;1,046.468125;1,470.339355;-0.472091;-0.881546;0.002673
Point;CP 6;564.968936;1,046.985675;1,243.501953;-0.474086;-0.880477;0.001316
Point;CP 7;564.650995;1,046.645679;846.257812;-0.478451;-0.878114;0.001044
Point;CP 8;564.758553;1,047.126579;434.730957;-0.467185;-0.884159;0.000507
Point;CP 9;565.526908;1,046.634084;25.380615;-0.487788;-0.872844;-0.014363
Point;CP 10;565.442157;1,046.708487;-25.148193;-0.471841;-0.881679;-0.002922
Point;CP 11;565.999990;1,046.652485;-438.645996;-0.471569;-0.881824;-0.002893
Point;CP 12;566.008829;1,046.484500;-846.535400;-0.475322;-0.879810;-0.001829
Point;CP 13;565.416536;1,047.083487;-1,242.053467;-0.476106;-0.879388;-0.000484
Point;CP 14;565.032073;1,047.224481;-1,466.320801;-0.473725;-0.880672;-0.001210
Point;CP 15;565.671933;1,047.557371;-1,939.734375;-0.476732;-0.879044;-0.002904
Point;CP 16;565.731339;1,047.902898;-2,413.801025;-0.473115;-0.880997;0.002562
Point;CP 17;566.103066;1,047.727863;-2,501.394531;-0.470362;-0.882473;0.000738
Point;CP 18;566.153185;1,047.722504;-2,558.411621;-0.472054;-0.881569;0.001521
Point;CP 1;385.806435;1,126.419136;2,560.826660;-0.324435;-0.945908;0.000454
Point;CP 2;386.221291;1,126.216997;2,501.423828;-0.324261;-0.945965;0.002338
Point;CP 3;385.443276;1,126.327679;2,415.852539;-0.322631;-0.946525;0.000059
Point;CP 4;385.706481;1,125.968598;1,941.404297;-0.322770;-0.946477;0.000804
Point;CP 5;385.861646;1,125.095254;1,470.249023;-0.324905;-0.945746;0.001058
Point;CP 6;385.088632;1,125.504436;1,246.943115;-0.321281;-0.946981;0.002491
Point;CP 7;384.937977;1,125.218151;846.275635;-0.327025;-0.945015;0.001248
Point;CP 8;385.512905;1,125.310725;435.942627;-0.327838;-0.944734;0.000627
Point;CP 9;384.946989;1,125.315269;28.264893;-0.328077;-0.944651;0.000126
Point;CP 10;385.537039;1,125.134055;-24.396729;-0.329615;-0.944115;0.001153
Point;CP 11;385.817914;1,124.895938;-435.690430;-0.330665;-0.943744;-0.002739
Point;CP 12;385.481463;1,125.499172;-842.617188;-0.327549;-0.944828;-0.003501
Point;CP 13;385.951357;1,125.560431;-1,242.526245;-0.330938;-0.943647;-0.003315
Point;CP 14;385.489192;1,126.016782;-1,467.107910;-0.327626;-0.944806;-0.001359
Point;CP 15;385.788887;1,126.191750;-1,940.279907;-0.327113;-0.944983;-0.001889
Point;CP 16;386.083979;1,126.603842;-2,414.216309;-0.326330;-0.945256;-0.000111
Point;CP 17;385.877488;1,126.804711;-2,501.811035;-0.325683;-0.945479;-0.000637
Point;CP 18;386.079907;1,126.774638;-2,562.038086;-0.326545;-0.945181;-0.000680
Point;CP 1;196.175961;1,174.165639;2,559.639648;-0.164951;-0.986301;0.001172
Point;CP 2;195.145440;1,174.260358;2,500.806641;-0.167542;-0.985865;0.000967
Point;CP 3;195.404244;1,174.001268;2,414.615234;-0.168856;-0.985636;0.002916
Point;CP 4;195.357056;1,173.795857;1,942.632812;-0.164475;-0.986381;0.001037
Point;CP 5;195.861620;1,173.271976;1,470.883789;-0.164361;-0.986400;0.000357
Point;CP 6;195.110899;1,173.452517;1,243.036133;-0.163503;-0.986543;0.000382
Point;CP 7;194.741577;1,173.232103;848.395508;-0.167321;-0.985902;0.000706
Point;CP 8;195.173333;1,173.739429;435.979736;-0.168272;-0.985739;-0.001623
Point;CP 9;194.603808;1,173.717924;26.682861;-0.163066;-0.986613;0.001867
Point;CP 10;195.488805;1,173.585590;-26.033203;-0.162998;-0.986624;0.002223
Point;CP 11;194.663645;1,174.116798;-433.530273;-0.169019;-0.985612;-0.000990
Point;CP 12;195.794830;1,173.840388;-845.901733;-0.165166;-0.986266;-0.000733
Point;CP 13;195.129254;1,174.189114;-1,239.514648;-0.167169;-0.985928;0.000025
Point;CP 14;194.990056;1,174.383422;-1,468.195923;-0.165230;-0.986255;0.000718
Point;CP 15;196.017593;1,174.214324;-1,938.728149;-0.166495;-0.986042;0.000226
Point;CP 16;195.952451;1,174.464749;-2,416.848877;-0.167113;-0.985937;-0.000928
Point;CP 17;195.359820;1,174.612929;-2,500.272705;-0.160208;-0.987082;-0.001466
Point;CP 18;195.710965;1,174.613238;-2,560.384277;-0.166012;-0.986120;-0.002684
Point;CP 1;-0.634691;1,190.763412;2,558.265625;0.010283;-0.999946;0.001555
Point;CP 2;-0.211713;1,190.637399;2,500.596680;0.012007;-0.999927;0.000966
Point;CP 3;-0.580792;1,190.508232;2,413.528320;0.011505;-0.999928;0.003507
Point;CP 4;-0.089061;1,189.940975;1,941.737305;0.008023;-0.999968;0.000708
Point;CP 5;-0.112892;1,189.583060;1,467.598145;0.006132;-0.999981;0.000159
Point;CP 6;-0.686873;1,189.607578;1,243.858643;0.010526;-0.999944;-0.000765
Point;CP 7;-0.396448;1,189.851127;845.868408;0.010711;-0.999942;-0.000948
Point;CP 8;-0.743407;1,190.365360;440.127686;0.008812;-0.999961;0.001126
Point;CP 9;-1.337565;1,190.008208;27.474609;0.006408;-0.999979;-0.000672
Point;CP 10;-0.818247;1,190.046013;-26.808838;0.008907;-0.999960;0.000773
Point;CP 11;-1.787373;1,190.360584;-432.217773;0.011917;-0.999928;0.001600
Point;CP 12;-0.356918;1,190.300415;-847.000854;0.011198;-0.999937;-0.000735
Point;CP 13;-0.878388;1,190.346658;-1,243.190308;0.009771;-0.999952;-0.000660
Point;CP 14;-0.730163;1,190.485351;-1,465.049316;0.005103;-0.999987;-0.000261
Point;CP 15;-0.286494;1,190.648193;-1,940.675903;0.001797;-0.999998;-0.000805
Point;CP 16;-0.046130;1,190.808235;-2,413.206055;0.002718;-0.999993;0.002654
Point;CP 17;-0.972957;1,190.837699;-2,500.137451;0.007050;-0.999975;0.000182
Point;CP 18;-1.045458;1,190.824270;-2,559.771729;0.005300;-0.999977;-0.004234
Point;CP 1;-196.757991;1,173.996061;2,559.743652;0.165520;-0.986204;0.002155
Point;CP 2;-196.088331;1,173.979792;2,499.604004;0.164237;-0.986419;0.002087
Point;CP 3;-196.366396;1,173.793800;2,413.125488;0.164386;-0.986396;0.000806
Point;CP 4;-196.586841;1,173.667669;1,941.696777;0.163734;-0.986503;0.001635
Point;CP 5;-195.342183;1,173.377763;1,468.816895;0.174533;-0.984649;0.002052
Point;CP 6;-196.166112;1,173.089472;1,242.218750;0.166744;-0.986000;0.000132
Point;CP 7;-196.595777;1,173.065167;845.496094;0.167323;-0.985899;0.002425
Point;CP 8;-196.172148;1,173.350803;437.784424;0.166726;-0.986003;-0.000606
Point;CP 9;-196.276940;1,173.327433;24.092529;0.169769;-0.985483;-0.001054
Point;CP 10;-195.847195;1,173.428092;-24.922363;0.166921;-0.985970;-0.000776
Point;CP 11;-196.090386;1,173.616913;-434.294922;0.166319;-0.986067;0.003056
Point;CP 12;-195.914676;1,173.654620;-845.446899;0.163510;-0.986542;-0.000472
Point;CP 13;-195.800551;1,173.839628;-1,242.060913;0.165579;-0.986196;-0.000819
Point;CP 14;-196.123982;1,174.057097;-1,466.939453;0.163433;-0.986554;0.000469
Point;CP 15;-195.948101;1,174.092553;-1,942.208374;0.163014;-0.986624;0.000114
Point;CP 16;-196.338608;1,174.358449;-2,416.833984;0.164204;-0.986426;-0.000556
Point;CP 17;-195.677762;1,174.590491;-2,501.369873;0.161235;-0.986916;-0.000420
Point;CP 18;-196.267367;1,174.390959;-2,558.704346;0.165049;-0.986285;0.000725
Point;CP 1;-386.288546;1,126.347358;2,559.881836;0.323496;-0.946229;0.000801
Point;CP 2;-386.803885;1,126.124882;2,501.277832;0.322995;-0.946401;0.000352
Point;CP 3;-386.512854;1,126.141479;2,414.573730;0.321987;-0.946744;0.000000
Point;CP 4;-386.660606;1,125.724232;1,941.423828;0.317601;-0.948222;0.002025
Point;CP 5;-386.565875;1,125.040269;1,468.106445;0.322497;-0.946570;0.000654
Point;CP 6;-387.092899;1,124.665368;1,243.776611;0.323548;-0.946212;-0.000538
Point;CP 7;-386.668755;1,125.072342;846.650391;0.314005;-0.949420;0.001575
Point;CP 8;-387.219054;1,124.896358;440.534912;0.319694;-0.947515;-0.003360
Point;CP 9;-386.528169;1,125.239047;27.421875;0.324755;-0.945798;0.000695
Point;CP 10;-386.527961;1,125.239430;-24.554443;0.328356;-0.944554;0.000047
Point;CP 11;-386.976734;1,124.995727;-433.782227;0.328844;-0.944383;-0.001472
Point;CP 12;-386.891855;1,125.249940;-844.757812;0.336233;-0.941778;0.001135
Point;CP 13;-387.432671;1,125.073941;-1,239.027100;0.328334;-0.944558;-0.002685
Point;CP 14;-386.687388;1,125.582917;-1,467.260864;0.327708;-0.944776;-0.002391
Point;CP 15;-386.051585;1,126.127289;-1,942.747437;0.326878;-0.945066;-0.001070
Point;CP 16;-386.674267;1,126.324116;-2,416.795654;0.320831;-0.947136;-0.000752
Point;CP 17;-386.387722;1,126.523879;-2,499.236328;0.326596;-0.945164;-0.000238
Point;CP 18;-386.690877;1,126.362067;-2,558.984619;0.326220;-0.945294;-0.000626
Point;CP 1;-565.760666;1,048.024938;2,559.233398;0.473365;-0.880865;0.001881
Point;CP 2;-567.052951;1,047.291015;2,499.154785;0.477945;-0.878390;-0.000415
Point;CP 3;-567.044501;1,047.266344;2,415.362305;0.476395;-0.879231;0.000186
Point;CP 4;-566.332861;1,047.342892;1,940.832031;0.468801;-0.883304;-0.000507
Point;CP 5;-566.530753;1,046.586204;1,468.899902;0.472736;-0.881195;0.004010
Point;CP 6;-565.994515;1,046.661759;1,243.188965;0.471850;-0.881679;-0.000107
Point;CP 7;-565.831361;1,046.629729;847.759766;0.473165;-0.880974;0.000701
Point;CP 8;-565.292966;1,047.038524;435.062988;0.473341;-0.880879;0.000156
Point;CP 9;-566.114767;1,046.900987;24.445557;0.471427;-0.881905;-0.000416
Point;CP 10;-566.713937;1,046.423597;-26.077881;0.469840;-0.882751;0.001327
Point;CP 11;-566.309073;1,046.671479;-434.854248;0.473951;-0.880551;-0.000067
Point;CP 12;-566.380476;1,046.603552;-844.230347;0.478024;-0.878346;0.000350
Point;CP 13;-566.800736;1,046.265526;-1,244.491333;0.476787;-0.879017;-0.001904
Point;CP 14;-566.547836;1,046.747547;-1,470.840210;0.477122;-0.878832;-0.002880
Point;CP 15;-566.434961;1,047.308181;-1,941.979980;0.474241;-0.880393;-0.001595
Point;CP 16;-567.066647;1,047.277649;-2,415.012451;0.472511;-0.881316;-0.003963
Point;CP 17;-567.488891;1,047.210697;-2,500.998047;0.478381;-0.878152;0.000454
Point;CP 18;-568.021409;1,046.870682;-2,561.933350;0.478784;-0.877933;0.000634
Point;CP 1;-731.386501;939.848935;2,557.662109;0.614848;-0.788646;-0.000572
Point;CP 2;-731.697606;939.469585;2,498.284180;0.614420;-0.788979;-0.000303
Point;CP 3;-731.424989;939.534415;2,413.162598;0.615269;-0.788315;0.001808
Point;CP 4;-731.405814;939.535755;1,940.653320;0.612150;-0.790742;-0.000354
Point;CP 5;-731.151683;939.214129;1,467.743652;0.610861;-0.791735;0.002184
Point;CP 6;-731.080108;939.065088;1,243.512451;0.618075;-0.786119;-0.000059
Point;CP 7;-730.418875;939.329602;846.064453;0.613941;-0.789351;0.001022
Point;CP 8;-730.790050;939.365757;435.086914;0.610538;-0.791984;-0.002128
Point;CP 9;-730.697910;939.410341;25.613525;0.611781;-0.791026;0.001153
Point;CP 10;-731.056472;939.079371;-27.147217;0.612285;-0.790636;0.001190
Point;CP 11;-731.032746;939.291872;-436.745117;0.610759;-0.791816;0.000742
Point;CP 12;-730.542312;939.428524;-843.882446;0.611310;-0.791389;0.001779
Point;CP 13;-730.860801;939.209683;-1,240.321533;0.614449;-0.788952;-0.002748
Point;CP 14;-730.944155;939.565057;-1,466.221558;0.613920;-0.789365;-0.002313
Point;CP 15;-730.750354;939.915681;-1,939.189575;0.614043;-0.789273;-0.000520
Point;CP 16;-730.963674;939.964350;-2,416.464600;0.615321;-0.788275;-0.001835
Point;CP 17;-731.711230;939.551966;-2,501.272705;0.614752;-0.788721;-0.000289
Point;CP 18;-731.713516;939.589730;-2,560.630127;0.613786;-0.789472;-0.000804
Point;CP 1;-875.601996;807.115723;2,555.973633;0.732660;-0.680594;0.001063
Point;CP 2;-876.947915;805.459051;2,496.125488;0.737273;-0.675595;0.000703
Point;CP 3;-875.632047;806.635058;2,417.810059;0.731823;-0.681494;0.000921
Point;CP 4;-876.125907;806.194140;1,943.311035;0.737424;-0.675427;-0.002086
Point;CP 5;-875.807913;806.419467;1,469.370605;0.731736;-0.681586;0.001655
Point;CP 6;-875.388172;806.571458;1,245.054443;0.732738;-0.680509;0.001497
Point;CP 7;-876.047417;805.693097;845.155518;0.727259;-0.686304;-0.008984
Point;CP 8;-875.153486;807.160095;436.021484;0.739137;-0.673554;-0.000724
Point;CP 9;-875.246804;806.698602;27.094482;0.736422;-0.676521;0.001512
Point;CP 10;-875.917812;805.942637;-22.686768;0.737027;-0.675862;0.001566
Point;CP 11;-875.222306;806.602232;-436.376221;0.740158;-0.672428;0.002604
Point;CP 12;-874.877723;805.703463;-846.066284;0.733417;-0.679777;-0.001667
Point;CP 13;-875.407990;805.548944;-1,242.151733;0.735908;-0.677076;-0.002759
Point;CP 14;-875.402356;805.679565;-1,470.990112;0.733138;-0.680079;-0.000998
Point;CP 15;-875.354271;806.590412;-1,942.472412;0.738828;-0.673894;-0.000164
Point;CP 16;-875.041005;807.257762;-2,413.953369;0.732594;-0.680665;-0.001556
Point;CP 17;-875.497841;807.070284;-2,500.742188;0.732500;-0.680762;-0.002642
Point;CP 18;-875.982779;806.787970;-2,559.922607;0.731698;-0.681627;-0.001653
Point;CP 1;-996.938702;651.937525;2,559.103027;0.836502;-0.547962;-0.001221
Point;CP 2;-997.161390;651.684781;2,498.920898;0.835437;-0.549586;-0.000775
Point;CP 3;-997.259320;651.581538;2,414.176758;0.835673;-0.549226;-0.001072
Point;CP 4;-997.283000;651.515823;1,941.728027;0.835777;-0.549069;-0.000110
Point;CP 5;-997.167762;651.299372;1,469.901855;0.836352;-0.548193;-0.000393
Point;CP 6;-996.973757;650.997093;1,243.519043;0.836375;-0.548157;0.000790
Point;CP 7;-997.166284;650.591208;845.196777;0.834849;-0.550478;0.000328
Point;CP 8;-996.619744;651.112377;434.515625;0.837943;-0.545757;0.000687
Point;CP 9;-996.452985;651.646384;24.770752;0.834810;-0.550538;-0.000941
Point;CP 10;-996.790533;650.963790;-26.827637;0.837914;-0.545792;0.003265
Point;CP 11;-995.667686;651.588540;-436.465576;0.835823;-0.548999;0.000780
Point;CP 12;-996.367482;650.529540;-842.789429;0.837292;-0.546755;0.000176
Point;CP 13;-996.010723;651.277407;-1,241.839966;0.837978;-0.545700;-0.002170
Point;CP 14;-995.989799;651.267787;-1,468.828247;0.832875;-0.553453;0.003041
Point;CP 15;-996.709975;651.434102;-1,941.440552;0.834615;-0.550833;-0.001133
Point;CP 16;-997.059220;651.794347;-2,415.549072;0.834653;-0.550776;-0.000516
Point;CP 17;-997.282918;651.583264;-2,500.964844;0.836231;-0.548377;-0.000441
Point;CP 18;-997.757925;650.932617;-2,559.018799;0.838594;-0.544757;0.000166
Point;CP 1;-1,091.382374;479.048586;2,556.920410;0.917029;-0.398820;0.000265
Point;CP 2;-1,091.115755;479.649093;2,498.442383;0.917403;-0.397957;0.001292
Point;CP 3;-1,091.209817;479.145296;2,411.951660;0.918823;-0.394670;0.000272
Point;CP 4;-1,090.865529;479.239187;1,941.429688;0.917686;-0.397305;0.000625
Point;CP 5;-1,090.624992;479.170985;1,467.265137;0.919421;-0.393275;-0.000873
Point;CP 6;-1,090.342462;478.922414;1,244.236328;0.918020;-0.396530;0.001826
Point;CP 7;-1,090.077810;479.243500;843.553467;0.920083;-0.391724;0.000440
Point;CP 8;-1,090.212061;478.587861;435.356201;0.919006;-0.394243;0.000915
Point;CP 9;-1,089.883917;478.853625;25.247559;0.922991;-0.384822;0.000793
Point;CP 10;-1,090.012601;478.505612;-25.587402;0.922269;-0.386549;-0.000061
Point;CP 11;-1,089.292003;479.389857;-434.846680;0.916156;-0.400823;-0.000345
Point;CP 12;-1,089.336744;479.418650;-847.979736;0.918027;-0.396512;-0.001906
Point;CP 13;-1,090.227766;478.127937;-1,245.403198;0.916210;-0.400699;-0.000630
Point;CP 14;-1,090.213678;477.668661;-1,469.952271;0.917116;-0.398615;-0.001990
Point;CP 15;-1,090.794694;478.727675;-1,942.411011;0.918706;-0.394934;-0.002524
Point;CP 16;-1,091.022897;478.931648;-2,416.494385;0.917306;-0.398180;-0.001464
Point;CP 17;-1,091.040191;479.063315;-2,501.922607;0.918617;-0.395149;-0.000143
Point;CP 18;-1,091.265543;478.521614;-2,557.273926;0.916334;-0.400413;0.000833
Point;CP 1;-1,155.561106;293.267034;2,560.001465;0.969549;-0.244869;-0.003728
Point;CP 2;-1,155.662409;292.710722;2,499.298828;0.970488;-0.241067;0.006280
Point;CP 3;-1,155.678446;292.205576;2,414.083984;0.969347;-0.245691;0.001380
Point;CP 4;-1,155.229358;292.568523;1,940.875977;0.968493;-0.249025;0.002729
Point;CP 5;-1,155.293418;291.711565;1,466.392578;0.969028;-0.246950;-0.000312
Point;CP 6;-1,154.811655;292.599903;1,253.044189;0.969466;-0.245222;0.001003
Point;CP 7;-1,154.747414;291.730199;845.435303;0.969009;-0.247024;0.000322
Point;CP 8;-1,154.355964;292.153344;435.507324;0.968840;-0.247687;-0.000241
Point;CP 9;-1,154.006214;292.503869;26.310791;0.968190;-0.250214;-0.000184
Point;CP 10;-1,154.016863;292.415253;-24.972412;0.968254;-0.249968;0.000145
Point;CP 11;-1,154.096319;291.768739;-437.313232;0.969774;-0.243997;-0.002009
Point;CP 12;-1,154.012774;292.328585;-845.077637;0.969272;-0.245988;0.000974
Point;CP 13;-1,154.052823;292.695701;-1,241.534668;0.968599;-0.248630;-0.000153
Point;CP 14;-1,154.283736;292.427850;-1,462.744507;0.968821;-0.247744;-0.002938
Point;CP 15;-1,155.075857;292.245930;-1,942.512817;0.967901;-0.251330;-0.001160
Point;CP 16;-1,155.486172;292.672841;-2,417.120850;0.970066;-0.242842;-0.000620
Point;CP 17;-1,155.527413;293.021816;-2,499.740723;0.970074;-0.242810;0.000704
Point;CP 18;-1,155.665315;292.594559;-2,559.391846;0.969338;-0.245729;-0.001091
Point;CP 1;-1,187.856435;98.448871;2,560.312500;0.996765;-0.080356;0.001489
Point;CP 2;-1,187.740423;99.298433;2,499.062988;0.996558;-0.082867;0.002286
Point;CP 3;-1,187.652246;98.840540;2,415.623047;0.996487;-0.083743;0.000614
Point;CP 4;-1,187.262048;98.175328;1,945.546387;0.996398;-0.084800;-0.000235
Point;CP 5;-1,186.985844;98.463996;1,470.718262;0.996451;-0.084145;0.002099
Point;CP 6;-1,186.715742;98.505324;1,239.866211;0.996280;-0.086177;0.000623
Point;CP 7;-1,186.563342;98.508670;846.396973;0.994692;-0.101605;-0.016243
Point;CP 8;-1,186.880943;97.946784;438.041748;0.996268;-0.086310;-0.000008
Point;CP 9;-1,186.817265;98.643697;25.468262;0.996234;-0.086706;-0.000683
Point;CP 10;-1,186.820493;98.628530;-27.175781;0.996250;-0.086521;0.000429
Point;CP 11;-1,186.981732;99.149939;-439.633789;0.996012;-0.089216;-0.000974
Point;CP 12;-1,186.595794;99.290871;-849.709229;0.996019;-0.089122;-0.002016
Point;CP 13;-1,186.959603;97.925107;-1,244.957275;0.996273;-0.086256;0.000585
Point;CP 14;-1,186.916272;98.473021;-1,470.415771;0.996413;-0.084618;-0.000395
Point;CP 15;-1,187.372644;98.601288;-1,939.207275;0.996412;-0.084633;-0.000492
Point;CP 16;-1,187.724795;98.416875;-2,411.889160;0.996193;-0.087174;-0.000996
Point;CP 17;-1,187.889177;98.072073;-2,499.298828;0.996350;-0.085358;-0.000744
Point;CP 18;-1,187.902033;98.470906;-2,554.403320;0.996413;-0.084620;-0.001204
Point;CP 1;-1,187.949878;-97.009078;2,556.708008;0.996475;0.083886;0.000660
Point;CP 2;-1,187.880226;-97.098990;2,496.116211;0.996653;0.081736;0.001323
Point;CP 3;-1,187.725997;-97.876128;2,411.225586;0.996621;0.082134;0.000251
Point;CP 4;-1,187.421572;-97.887109;1,941.769531;0.996439;0.084319;0.000726
Point;CP 5;-1,187.352037;-98.762152;1,472.000977;0.996592;0.082473;0.001574
Point;CP 6;-1,187.262893;-97.481434;1,247.843506;0.996761;0.080422;0.000518
Point;CP 7;-1,187.269173;-97.822791;850.718018;0.996173;0.087382;-0.001699
Point;CP 8;-1,187.554755;-96.602540;440.595459;0.996629;0.082034;0.001001
Point;CP 9;-1,187.360705;-97.020469;24.032715;0.996415;0.084597;-0.000552
Point;CP 10;-1,187.281963;-97.972219;-25.576172;0.996486;0.083763;-0.000061
Point;CP 11;-1,187.797806;-96.387030;-434.166260;0.996478;0.083849;-0.000462
Point;CP 12;-1,187.356521;-97.477581;-846.609985;0.995949;0.089915;0.000330
Point;CP 13;-1,187.419556;-97.198593;-1,245.734131;0.996511;0.083463;0.000542
Point;CP 14;-1,187.289276;-97.020006;-1,464.251099;0.996578;0.082653;-0.001043
Point;CP 15;-1,187.843591;-96.947969;-1,947.634399;0.996720;0.080929;-0.000196
Point;CP 16;-1,188.208584;-98.052143;-2,407.175049;0.996231;0.086716;-0.001771
Point;CP 17;-1,188.264658;-98.362856;-2,496.645996;0.996413;0.084627;0.000335
Point;CP 18;-1,188.240537;-99.044951;-2,559.955078;0.996329;0.085597;-0.001057
Point;CP 1;-1,155.816428;-291.842867;2,557.846191;0.969542;0.244922;-0.000611
Point;CP 2;-1,155.949117;-291.346669;2,499.687988;0.969107;0.246639;-0.000527
Point;CP 3;-1,155.742610;-291.996610;2,417.029785;0.969718;0.244229;-0.000006
Point;CP 4;-1,155.448639;-292.331878;1,943.695801;0.969069;0.246785;0.001721
Point;CP 5;-1,155.097432;-293.274127;1,470.486816;0.968211;0.250130;0.001761
Point;CP 6;-1,155.233598;-291.951770;1,242.341553;0.969439;0.245325;0.001765
Point;CP 7;-1,154.735936;-292.118634;847.889160;0.969426;0.245383;0.000862
Point;CP 8;-1,154.454942;-293.049476;438.275879;0.968068;0.250686;0.000950
Point;CP 9;-1,154.426727;-291.751700;27.555176;0.968326;0.249689;-0.000245
Point;CP 10;-1,154.483477;-291.616106;-24.238037;0.968231;0.250057;0.000232
Point;CP 11;-1,154.588758;-292.127301;-432.545410;0.967124;0.254299;-0.001862
Point;CP 12;-1,154.537489;-292.218281;-841.743286;0.968040;0.250793;0.000845
Point;CP 13;-1,154.999354;-291.883160;-1,240.386719;0.968294;0.249814;-0.000498
Point;CP 14;-1,155.000230;-292.334728;-1,465.825562;0.969279;0.245962;-0.000634
Point;CP 15;-1,155.759239;-291.332477;-1,939.158813;0.969840;0.243734;-0.002011
Point;CP 16;-1,155.913121;-292.209610;-2,412.504639;0.969171;0.246386;-0.000726
Point;CP 17;-1,156.156734;-291.449637;-2,498.169922;0.969552;0.244886;-0.000660
Point;CP 18;-1,155.911443;-292.017945;-2,556.003418;0.970083;0.242771;-0.000361
Point;CP 1;-1,091.270880;-478.668050;2,559.358887;0.917969;0.396651;-0.001068
Point;CP 2;-1,091.295248;-478.464954;2,501.954102;0.918277;0.395937;0.000520
Point;CP 3;-1,091.063218;-478.930987;2,415.923828;0.918097;0.396355;-0.000710
Point;CP 4;-1,091.005497;-478.194891;1,941.913574;0.916560;0.399896;0.000273
Point;CP 5;-1,090.956102;-477.933879;1,470.622559;0.917677;0.397312;0.003556
Point;CP 6;-1,091.233788;-477.555006;1,245.848145;0.911265;0.411638;-0.012282
Point;CP 7;-1,090.281605;-478.787381;847.176514;0.918164;0.396199;-0.000793
Point;CP 8;-1,090.696736;-477.841137;436.829102;0.919870;0.392223;0.000088
Point;CP 9;-1,090.112892;-478.296083;27.602051;0.918285;0.395917;0.001361
Point;CP 10;-1,090.251717;-477.813653;-25.097412;0.918796;0.394732;0.000084
Point;CP 11;-1,090.941073;-476.614130;-434.310547;0.916969;0.398957;-0.000389
Point;CP 12;-1,090.290341;-478.068308;-843.530640;0.918847;0.394598;-0.003629
Point;CP 13;-1,090.775050;-478.224494;-1,239.676392;0.917617;0.397458;-0.002561
Point;CP 14;-1,090.774161;-478.234552;-1,466.940063;0.918545;0.395292;-0.004454
Point;CP 15;-1,091.884796;-477.831093;-1,939.665894;0.918980;0.394302;-0.001025
Point;CP 16;-1,091.905285;-478.419141;-2,413.817627;0.918397;0.395658;-0.001512
Point;CP 17;-1,092.233820;-477.775865;-2,497.904785;0.917878;0.396861;-0.000741
Point;CP 18;-1,092.300294;-477.740678;-2,555.953125;0.918595;0.395201;-0.000019
Point;CP 1;-997.010034;-651.823990;2,561.305664;0.836867;0.547404;0.001847
Point;CP 2;-997.608510;-650.777991;2,501.292969;0.837229;0.546852;-0.000256
Point;CP 3;-997.562543;-650.724154;2,415.605469;0.836244;0.548357;-0.000925
Point;CP 4;-997.439479;-650.675103;1,942.979492;0.836091;0.548590;0.000148
Point;CP 5;-997.139643;-650.733188;1,469.329590;0.838560;0.544803;0.002522
Point;CP 6;-997.558691;-650.306748;1,243.807617;0.834232;0.551413;-0.000335
Point;CP 7;-997.692101;-650.134562;846.092529;0.837559;0.546347;0.000190
Point;CP 8;-997.603782;-650.478829;435.739502;0.837578;0.546317;-0.000871
Point;CP 9;-997.539126;-650.300157;28.154053;0.839222;0.543788;-0.001019
Point;CP 10;-997.863283;-649.854050;-24.577393;0.847753;0.530361;-0.005587
Point;CP 11;-997.634472;-649.591549;-435.298340;0.828498;0.559991;-0.001339
Point;CP 12;-997.421593;-650.067381;-843.092896;0.830029;0.557721;-0.000439
Point;CP 13;-997.345275;-650.414183;-1,244.608276;0.836464;0.548014;0.002851
Point;CP 14;-997.300146;-650.982748;-1,468.804810;0.806415;0.588052;0.062372
Point;CP 15;-998.244824;-650.679028;-1,940.856201;0.836883;0.547380;-0.000999
Point;CP 16;-998.559943;-650.706815;-2,414.566406;0.836280;0.548302;0.000364
Point;CP 17;-998.808290;-650.414429;-2,500.004639;0.837773;0.546019;-0.000298
Point;CP 18;-998.099534;-651.519942;-2,556.013916;0.836802;0.547504;0.001199
Point;CP 1;-876.005636;-806.029257;2,558.932617;0.735659;0.677352;0.000842
Point;CP 2;-876.489356;-805.470917;2,500.528320;0.734480;0.678630;-0.000257
Point;CP 3;-876.726179;-805.067109;2,416.297363;0.733329;0.679874;0.000858
Point;CP 4;-876.966173;-805.441867;1,940.648926;0.741188;0.671298;0.000011
Point;CP 5;-876.143291;-805.975968;1,470.585938;0.737164;0.675711;0.001993
Point;CP 6;-875.901385;-805.994637;1,244.909668;0.737361;0.675495;0.002273
Point;CP 7;-876.173568;-804.843619;844.954102;0.739456;0.673205;0.000603
Point;CP 8;-876.738919;-805.514582;436.892334;0.740145;0.672447;-0.000710
Point;CP 9;-875.992018;-805.573064;26.630615;0.727987;0.685590;-0.000695
Point;CP 10;-876.584239;-804.911042;-24.980713;0.726956;0.686685;0.000063
Point;CP 11;-876.558612;-805.632379;-435.242676;0.737378;0.675478;0.001542
Point;CP 12;-875.486694;-805.524737;-845.408569;0.737784;0.674786;0.018408
Point;CP 13;-876.120732;-806.044037;-1,243.075195;0.731153;0.682213;-0.000651
Point;CP 14;-876.482695;-805.714092;-1,468.436157;0.733401;0.679796;0.001145
Point;CP 15;-876.872371;-806.016330;-1,940.348145;0.738158;0.674625;0.002096
Point;CP 16;-876.366072;-806.317941;-2,415.314941;0.725749;0.687957;-0.001757
Point;CP 17;-877.560709;-805.138663;-2,499.458008;0.730450;0.682965;-0.001430
Point;CP 18;-876.428901;-806.447827;-2,558.268066;0.730885;0.682500;-0.001428
Point;CP 1;-731.631245;-938.645667;2,559.707520;0.613910;0.789375;-0.001496
Point;CP 2;-732.023254;-938.358399;2,499.514648;0.613810;0.789453;0.000396
Point;CP 3;-732.237431;-938.129120;2,414.426270;0.615711;0.787972;-0.000716
Point;CP 4;-731.165877;-939.081657;1,942.454102;0.612531;0.790446;-0.001379
Point;CP 5;-731.774783;-939.052141;1,468.449219;0.611428;0.791300;0.000804
Point;CP 6;-730.926301;-939.349345;1,245.953857;0.608547;0.793517;0.001220
Point;CP 7;-731.713555;-938.373352;845.967041;0.611698;0.791087;0.002711
Point;CP 8;-731.367636;-938.267972;436.518066;0.613521;0.789678;0.000102
Point;CP 9;-731.546826;-938.164626;28.270020;0.611789;0.791020;-0.001570
Point;CP 10;-732.026601;-937.847983;-23.159912;0.622059;0.782863;-0.012950
Point;CP 11;-731.438944;-938.262289;-434.818604;0.610981;0.791645;0.000637
Point;CP 12;-732.048593;-938.035171;-845.634033;0.608670;0.793405;-0.005408
Point;CP 13;-731.690076;-938.617793;-1,242.830566;0.620097;0.784525;0.000132
Point;CP 14;-731.572212;-938.969960;-1,467.327393;0.612268;0.790648;-0.001840
Point;CP 15;-732.231414;-938.972151;-1,942.120850;0.615110;0.788441;-0.000309
Point;CP 16;-731.758564;-939.613957;-2,414.020752;0.614558;0.788869;-0.001913
Point;CP 17;-733.632814;-938.284810;-2,498.253662;0.615897;0.787824;-0.002060
Point;CP 18;-732.165179;-939.526306;-2,556.722168;0.613024;0.790060;-0.002555
Point;CP 1;-566.813548;-1,046.282870;2,561.363770;0.475113;0.879924;-0.000932
Point;CP 2;-567.238792;-1,046.044159;2,499.841797;0.476317;0.879272;0.001541
Point;CP 3;-567.279961;-1,045.895365;2,416.220215;0.474433;0.880291;0.000737
Point;CP 4;-567.087617;-1,046.158402;1,940.455078;0.470609;0.882342;-0.000569
Point;CP 5;-567.512056;-1,045.559532;1,468.039551;0.473959;0.880547;-0.000573
Point;CP 6;-567.228390;-1,045.491810;1,242.651855;0.464811;0.885408;0.001987
Point;CP 7;-566.513737;-1,046.077066;847.432861;0.467549;0.883966;0.001570
Point;CP 8;-567.247941;-1,045.685158;435.003174;0.470098;0.882614;-0.000657
Point;CP 9;-567.296682;-1,045.743773;27.119385;0.474357;0.880320;-0.004792
Point;CP 10;-567.126309;-1,045.996874;-25.750488;0.471975;0.881610;-0.001997
Point;CP 11;-566.669640;-1,046.000391;-435.322998;0.481556;0.876415;-0.000819
Point;CP 12;-566.816859;-1,045.919802;-842.348267;0.476011;0.879439;-0.001303
Point;CP 13;-566.804237;-1,046.361352;-1,241.665405;0.465505;0.885023;-0.006309
Point;CP 14;-566.339322;-1,046.798963;-1,466.921143;0.474553;0.880224;-0.002173
Point;CP 15;-565.432520;-1,047.951378;-1,938.991455;0.475106;0.879924;-0.002734
Point;CP 16;-565.437060;-1,048.509383;-2,408.774170;0.475241;0.879845;-0.004309
Point;CP 17;-567.644785;-1,047.361353;-2,498.740723;0.474995;0.879988;0.000050
Point;CP 18;-567.084462;-1,047.716881;-2,555.623779;0.474551;0.880227;-0.001464
Point;CP 1;-388.133828;-1,124.768885;2,556.685547;0.326539;0.945184;0.000309
Point;CP 2;-387.163758;-1,125.061647;2,499.980957;0.325634;0.945493;0.002173
Point;CP 3;-387.608574;-1,124.715950;2,415.286621;0.325903;0.945401;0.001890
Point;CP 4;-386.941896;-1,124.412181;1,941.318359;0.327843;0.944732;0.000720
Point;CP 5;-386.181483;-1,124.548875;1,471.552246;0.324541;0.945869;0.002491
Point;CP 6;-385.065452;-1,124.681106;1,244.605225;0.324607;0.945849;-0.000169
Point;CP 7;-387.561854;-1,123.786721;846.726562;0.326745;0.945112;0.001165
Point;CP 8;-386.635481;-1,124.212748;434.528320;0.326049;0.945353;0.000296
Point;CP 9;-387.775739;-1,124.246264;24.976318;0.325797;0.945439;-0.000966
Point;CP 10;-385.301535;-1,125.095329;-21.846436;0.323741;0.946144;-0.002006
Point;CP 11;-386.637337;-1,124.926620;-435.922607;0.323287;0.946301;0.000158
Point;CP 12;-386.680137;-1,125.353035;-846.012939;0.322533;0.946557;-0.001307
Point;CP 13;-387.350368;-1,124.832261;-1,241.775513;0.325338;0.945597;-0.000914
Point;CP 14;-387.493088;-1,125.035331;-1,467.269409;0.329025;0.944320;0.001502
Point;CP 15;-386.600824;-1,125.942317;-1,940.013916;0.318794;0.947822;-0.002036
Point;CP 16;-386.912837;-1,126.469621;-2,413.174072;0.325459;0.945554;-0.001803
Point;CP 17;-387.073517;-1,126.551237;-2,498.421631;0.327623;0.944808;-0.000693
Point;CP 18;-387.337795;-1,126.504974;-2,555.021973;0.323814;0.946117;-0.002486
Point;CP 1;-197.383379;-1,173.354870;2,559.658203;0.165156;0.986267;0.001186
Point;CP 2;-196.723761;-1,173.431197;2,503.373047;0.163178;0.986594;0.002107
Point;CP 3;-196.624474;-1,173.235616;2,415.301758;0.155959;0.987736;-0.007364
Point;CP 4;-195.683582;-1,172.992837;1,946.722656;0.164080;0.986447;0.000633
Point;CP 5;-195.578536;-1,172.998899;1,473.107422;0.170099;0.985426;0.001055
Point;CP 6;-196.323028;-1,172.702225;1,245.290771;0.168266;0.985741;0.001341
Point;CP 7;-196.300860;-1,172.670972;849.131836;0.167279;0.985910;-0.000353
Point;CP 8;-196.495023;-1,172.924970;437.428711;0.171112;0.985252;-0.000234
Point;CP 9;-195.462534;-1,173.033377;28.211426;0.166898;0.985974;-0.000819
Point;CP 10;-196.277493;-1,172.889456;-25.883789;0.170534;0.985351;0.000797
Point;CP 11;-196.938461;-1,172.890323;-437.394043;0.164343;0.986402;0.001368
Point;CP 12;-196.663313;-1,173.126808;-845.060303;0.168482;0.985703;-0.002080
Point;CP 13;-196.316224;-1,173.224798;-1,242.387451;0.163449;0.986551;-0.001070
Point;CP 14;-196.430533;-1,173.411332;-1,467.598022;0.162166;0.986763;-0.000487
Point;CP 15;-197.079655;-1,173.824272;-1,942.614746;0.165534;0.986204;-0.000314
Point;CP 16;-196.424442;-1,174.139666;-2,413.610596;0.162443;0.986717;-0.001230
Point;CP 17;-196.602186;-1,174.194650;-2,498.221191;0.164058;0.986451;-0.000219
Point;CP 18;-196.288880;-1,174.272297;-2,557.996338;0.163771;0.986497;-0.001431
Point;CP 1;-1.165183;-1,189.956565;2,556.347168;-0.014293;0.999896;0.002104
Point;CP 2;-1.164719;-1,190.051182;2,500.342773;-0.023864;0.999700;0.005573
Point;CP 3;-1.186117;-1,190.116806;2,413.726562;-0.012260;0.999924;-0.001570
Point;CP 4;-1.148149;-1,190.172544;1,941.599121;-0.008323;0.999965;-0.000061
Point;CP 5;-1.499627;-1,190.137143;1,466.942383;-0.008364;0.999964;0.001574
Point;CP 6;-2.250486;-1,190.101897;1,242.855469;-0.009022;0.999959;-0.000232
Point;CP 7;-2.587405;-1,190.215866;841.173340;-0.008026;0.999967;-0.001127
Point;CP 8;-1.333758;-1,190.310518;433.865723;-0.005158;0.999987;-0.000579
Point;CP 9;-0.545003;-1,190.215575;25.059082;-0.008220;0.999965;-0.001225
Point;CP 10;-0.523598;-1,190.220944;-25.214355;-0.011046;0.999938;-0.001095
Point;CP 11;-1.219726;-1,190.593186;-437.151611;-0.022498;0.999728;0.006186
Point;CP 12;-0.575107;-1,190.357110;-845.975098;0.001220;0.999999;-0.000214
Point;CP 13;-0.538903;-1,190.063908;-1,245.542847;0.002975;0.999995;0.000930
Point;CP 14;-1.080746;-1,190.012048;-1,470.765503;-0.002307;0.999997;-0.001052
Point;CP 15;-0.372459;-1,190.155516;-1,939.440796;-0.008138;0.999967;-0.000631
Point;CP 16;-0.773354;-1,190.924646;-2,415.271484;-0.005753;0.999982;-0.001906
Point;CP 17;-0.079403;-1,191.017507;-2,498.635010;-0.005707;0.999981;-0.002165
Point;CP 18;-1.439003;-1,191.041975;-2,559.433594;-0.009658;0.999953;-0.000410
Point;CP 1;196.943294;-1,173.731872;2,558.331055;-0.168140;0.985763;0.000843
Point;CP 2;195.187829;-1,174.045853;2,499.812988;-0.160340;0.987061;0.000983
Point;CP 3;194.760044;-1,174.096332;2,414.276367;-0.162921;0.986639;-0.001021
Point;CP 4;195.081926;-1,174.099598;1,941.687012;-0.163381;0.986561;-0.001912
Point;CP 5;194.809339;-1,174.424583;1,468.702637;-0.164240;0.986420;-0.000788
Point;CP 6;194.699553;-1,174.237104;1,242.841309;-0.164477;0.986381;0.000026
Point;CP 7;194.703262;-1,174.123483;845.747803;-0.164973;0.986298;-0.000804
Point;CP 8;195.042813;-1,174.258284;437.488281;-0.168677;0.985671;0.000166
Point;CP 9;195.676532;-1,173.947738;26.360596;-0.169961;0.985450;-0.001479
Point;CP 10;194.087930;-1,174.242622;-25.181396;-0.167823;0.985817;0.000070
Point;CP 11;195.483176;-1,174.068115;-436.334717;-0.169028;0.985611;0.000387
Point;CP 12;195.959543;-1,173.705028;-846.761841;-0.166029;0.986120;-0.001567
Point;CP 13;195.120121;-1,173.861449;-1,244.124146;-0.160414;0.987050;-0.000244
Point;CP 14;195.026254;-1,173.816652;-1,467.955933;-0.163803;0.986493;0.000905
Point;CP 15;194.684036;-1,174.184161;-1,941.617065;-0.165100;0.986277;0.000672
Point;CP 16;196.334867;-1,174.013330;-2,414.378418;-0.178143;0.983997;-0.003943
Point;CP 17;195.606496;-1,174.155969;-2,499.201416;-0.166998;0.985954;-0.002617
Point;CP 18;195.110225;-1,174.311032;-2,558.078369;-0.176662;0.984253;-0.005986
Point;CP 1;386.594772;-1,126.013324;2,558.155762;-0.325160;0.945659;0.000722
Point;CP 2;387.247536;-1,125.757095;2,502.403320;-0.327903;0.944710;0.001510
Point;CP 3;385.881246;-1,126.130289;2,415.495605;-0.325297;0.945612;0.000527
Point;CP 4;386.335137;-1,125.661389;1,941.276855;-0.319525;0.947562;-0.005419
Point;CP 5;386.078629;-1,125.643502;1,467.589844;-0.326686;0.945129;0.002740
Point;CP 6;385.668098;-1,125.571899;1,242.792725;-0.327695;0.944783;0.000522
Point;CP 7;385.676185;-1,125.487628;844.027832;-0.326591;0.945165;0.001224
Point;CP 8;386.637181;-1,124.898176;435.900635;-0.329004;0.944327;0.001386
Point;CP 9;385.797363;-1,125.512609;27.384033;-0.325809;0.945435;-0.000162
Point;CP 10;386.314596;-1,125.304340;-25.390625;-0.327305;0.944919;-0.000575
Point;CP 11;386.682224;-1,125.389475;-436.955566;-0.328352;0.944555;0.000867
Point;CP 12;385.624730;-1,125.682967;-847.132568;-0.328131;0.944631;-0.001359
Point;CP 13;385.823880;-1,125.740300;-1,245.117432;-0.324647;0.945835;-0.000537
Point;CP 14;386.906991;-1,125.055808;-1,468.266724;-0.323900;0.946091;-0.000735
Point;CP 15;386.121181;-1,126.057923;-1,941.473267;-0.324144;0.946006;-0.001812
Point;CP 16;386.685838;-1,125.914631;-2,415.491699;-0.329378;0.944197;0.001667
Point;CP 17;386.575595;-1,125.926189;-2,498.720947;-0.325171;0.945650;-0.003252
Point;CP 18;385.725774;-1,126.228485;-2,560.317383;-0.324772;0.945792;-0.000529
Point;CP 1;567.189834;-1,046.655387;2,560.990723;-0.475323;0.879811;0.000299
Point;CP 2;567.556758;-1,046.478080;2,498.915527;-0.473798;0.880629;0.002826
Point;CP 3;566.749026;-1,046.885854;2,415.820801;-0.474561;0.880222;-0.000854
Point;CP 4;566.567425;-1,046.793708;1,944.014648;-0.474230;0.880400;0.001232
Point;CP 5;566.414621;-1,046.510011;1,466.571289;-0.479800;0.877371;0.003469
Point;CP 6;566.773204;-1,046.388397;1,242.668945;-0.478240;0.878228;0.001709
Point;CP 7;566.044536;-1,046.550853;846.336670;-0.472703;0.881222;0.000099
Point;CP 8;566.021003;-1,046.881921;436.562500;-0.475463;0.879735;-0.001050
Point;CP 9;566.232178;-1,046.744511;26.884521;-0.473268;0.880918;0.001092
Point;CP 10;566.703613;-1,046.463206;-27.622559;-0.480811;0.876824;0.000723
Point;CP 11;566.617958;-1,046.679519;-437.397217;-0.477349;0.878713;-0.001265
Point;CP 12;566.106953;-1,046.656620;-845.421021;-0.484090;0.874928;-0.012536
Point;CP 13;566.708368;-1,046.560132;-1,243.862915;-0.484354;0.874867;-0.002980
Point;CP 14;566.025131;-1,046.549956;-1,467.096924;-0.475413;0.879757;-0.003071
Point;CP 15;565.373239;-1,047.518117;-1,941.099243;-0.471660;0.881780;-0.000519
Point;CP 16;566.517334;-1,046.780748;-2,413.438477;-0.479901;0.877320;-0.002212
Point;CP 17;566.852779;-1,046.828769;-2,499.956055;-0.388606;0.916050;0.099186
Point;CP 18;566.285107;-1,046.813335;-2,558.719482;-0.489139;0.872066;-0.015619
Point;CP 1;731.518892;-939.732841;2,560.576660;-0.615108;0.788442;0.001534
Point;CP 2;731.743087;-939.442557;2,498.130371;-0.613550;0.789653;0.001976
Point;CP 3;730.874642;-939.956670;2,414.668945;-0.612461;0.790499;0.001660
Point;CP 4;731.738040;-938.983627;1,940.138184;-0.617913;0.786244;0.001810
Point;CP 5;731.072988;-939.232887;1,470.888672;-0.616318;0.787497;-0.000674
Point;CP 6;731.754415;-938.515782;1,241.849365;-0.614504;0.788910;0.002267
Point;CP 7;730.590440;-939.323688;843.103027;-0.626456;0.779454;0.002188
Point;CP 8;731.432447;-938.976406;433.487793;-0.609889;0.792485;-0.001821
Point;CP 9;731.046257;-939.382393;20.461670;-0.612108;0.790774;0.000340
Point;CP 10;732.225884;-938.519006;-29.814453;-0.612079;0.790795;-0.001722
Point;CP 11;731.422907;-939.393380;-433.574951;-0.611697;0.791085;-0.003457
Point;CP 12;730.935033;-938.864300;-845.007812;-0.610799;0.791782;-0.002272
Point;CP 13;731.920115;-938.489642;-1,243.081909;-0.613129;0.789982;0.000972
Point;CP 14;730.572840;-939.553239;-1,470.398438;-0.615029;0.788505;0.000174
Point;CP 15;731.003957;-939.342269;-1,945.086548;-0.614649;0.788800;0.000859
Point;CP 16;730.715989;-939.637054;-2,414.675537;-0.630751;0.775970;-0.004959
Point;CP 17;730.792588;-939.456367;-2,502.251221;-0.612728;0.790292;0.001876
Point;CP 18;731.006742;-939.104479;-2,561.092285;-0.617282;0.786739;0.002041
Point;CP 1;875.917937;-807.171009;2,560.938477;-0.730265;0.683163;0.000514
Point;CP 2;876.378061;-806.652069;2,501.847168;-0.730374;0.683044;0.002064
Point;CP 3;876.262726;-806.625929;2,417.237793;-0.731778;0.681539;0.002415
Point;CP 4;876.379565;-806.785274;1,940.939941;-0.734630;0.678465;-0.002038
Point;CP 5;876.064580;-806.342751;1,469.746094;-0.731158;0.682208;-0.000412
Point;CP 6;875.665377;-806.789059;1,242.909912;-0.733827;0.679336;0.000392
Point;CP 7;875.681699;-806.572012;847.217285;-0.738222;0.674556;0.001729
Point;CP 8;876.218523;-806.229540;437.243896;-0.739469;0.673191;-0.000234
Point;CP 9;875.409630;-806.773635;24.903809;-0.734149;0.678986;0.001782
Point;CP 10;876.163751;-806.006578;-27.324463;-0.733109;0.680111;-0.000121
Point;CP 11;876.839062;-806.322498;-437.889160;-0.740743;0.671785;0.002042
Point;CP 12;875.861635;-806.026344;-845.599121;-0.733820;0.679316;0.006169
Point;CP 13;875.566724;-806.171979;-1,243.650391;-0.732850;0.680390;0.000541
Point;CP 14;875.656003;-806.224843;-1,467.997437;-0.733487;0.679703;-0.000716
Point;CP 15;875.602265;-806.141100;-1,942.307373;-0.733980;0.679170;-0.000481
Point;CP 16;875.725797;-806.148681;-2,416.807617;-0.733380;0.679819;0.000424
Point;CP 17;875.736248;-806.086127;-2,504.408447;-0.732678;0.680572;0.002001
Point;CP 18;875.814227;-806.013869;-2,562.703613;-0.732058;0.681241;-0.001321
Point;CP 1;997.605091;-651.148717;2,559.220703;-0.837143;0.546984;0.000176
Point;CP 2;997.841118;-651.012956;2,501.155273;-0.837940;0.545759;-0.001773
Point;CP 3;997.516999;-651.749374;2,415.375488;-0.838169;0.545408;-0.001665
Point;CP 4;997.645003;-651.461958;1,939.914551;-0.837636;0.546218;0.003392
Point;CP 5;996.843434;-651.418667;1,467.458496;-0.838546;0.544820;0.003448
Point;CP 6;996.224898;-651.885563;1,245.843262;-0.837418;0.546563;-0.000720
Point;CP 7;996.587017;-651.121736;842.382080;-0.838655;0.544656;0.002770
Point;CP 8;996.666915;-650.807058;433.834961;-0.838589;0.544764;0.000480
Point;CP 9;996.587893;-650.793404;23.773926;-0.839345;0.543595;0.002186
Point;CP 10;996.455615;-651.130652;-24.550049;-0.840021;0.542554;0.000181
Point;CP 11;996.172853;-651.452351;-436.695068;-0.839143;0.543909;-0.001234
Point;CP 12;996.587201;-651.057685;-845.541870;-0.840300;0.542098;0.005109
Point;CP 13;996.995748;-650.051685;-1,245.495117;-0.838187;0.545383;-0.000547
Point;CP 14;997.126059;-650.208741;-1,468.226074;-0.837552;0.546358;-0.000582
Point;CP 15;996.811444;-651.083703;-1,941.887695;-0.836074;0.548616;-0.000702
Point;CP 16;997.325240;-650.427848;-2,418.020996;-0.836163;0.548480;0.001343
Point;CP 17;996.705766;-651.387901;-2,498.032471;-0.836373;0.548160;-0.000165
Point;CP 18;997.519929;-650.177896;-2,562.353027;-0.836876;0.547390;0.001493
Point;CP 1;1,091.621227;-478.069258;2,559.630859;-0.912670;0.408697;-0.000829
Point;CP 2;1,091.497697;-478.298329;2,500.682617;-0.914579;0.404408;0.000143
Point;CP 3;1,091.467379;-478.317794;2,413.207031;-0.914032;0.405639;0.001351
Point;CP 4;1,091.528642;-478.112419;1,939.887695;-0.915220;0.402955;-0.000122
Point;CP 5;1,090.329721;-478.922970;1,462.776855;-0.914891;0.403689;0.002906
Point;CP 6;1,090.279481;-478.610619;1,238.191162;-0.915011;0.403427;0.001162
Point;CP 7;1,090.124049;-478.434328;844.913330;-0.914076;0.405539;0.001920
Point;CP 8;1,090.066716;-478.118483;435.191406;-0.913512;0.406811;0.000493
Point;CP 9;1,089.919829;-477.688505;28.010498;-0.911854;0.410506;0.002618
Point;CP 10;1,089.980238;-477.534417;-25.803955;-0.910233;0.414092;0.002036
Point;CP 11;1,090.120701;-477.781103;-436.676758;-0.914664;0.404213;-0.001387
Point;CP 12;1,090.290786;-477.564996;-846.398438;-0.912727;0.408543;0.004729
Point;CP 13;1,090.119187;-478.438580;-1,246.647827;-0.914668;0.404207;-0.000214
Point;CP 14;1,090.170846;-478.910780;-1,469.673340;-0.915306;0.402759;-0.000459
Point;CP 15;1,090.326359;-478.957395;-1,943.870239;-0.915216;0.402963;-0.000218
Point;CP 16;1,090.599596;-479.055660;-2,418.065430;-0.914298;0.405038;0.001708
Point;CP 17;1,090.825525;-478.525926;-2,500.649902;-0.914243;0.405167;0.000768
Point;CP 18;1,090.982038;-478.240750;-2,562.872070;-0.910817;0.412807;0.001321
