Point;CP 1;1,188.188093;-97.130035;2,561.002441;-0.996405;0.084713;-0.000293
Point;CP 2;1,188.164223;-97.240465;2,498.606934;-0.996421;0.084503;0.002224
Point;CP 3;1,188.154492;-97.160550;2,413.910645;-0.996268;0.086315;0.000678
Point;CP 4;1,187.668446;-98.897714;1,941.561035;-0.996559;0.082879;0.000652
Point;CP 5;1,187.416701;-97.104722;1,465.433105;-0.996625;0.082061;0.001920
Point;CP 6;1,187.521024;-97.612670;1,243.236572;-0.996730;0.080805;-0.000134
Point;CP 7;1,187.882382;-98.125231;846.562500;-0.996553;0.082958;-0.000590
Point;CP 8;1,188.055617;-97.248357;431.079102;-0.996368;0.085142;0.000945
Point;CP 9;1,187.748849;-97.637331;25.577393;-0.996314;0.085782;0.000073
Point;CP 10;1,187.769116;-97.543436;-26.795166;-0.996424;0.084493;-0.000611
Point;CP 11;1,190.797693;-98.387991;-438.777832;-0.996619;0.082165;0.000116
Point;CP 12;1,188.193767;-98.194330;-848.774292;-0.996599;0.082128;0.006784
Point;CP 13;1,187.959931;-97.442863;-1,250.304688;-0.996517;0.083384;0.000464
Point;CP 14;1,187.961572;-98.644258;-1,471.527954;-0.996388;0.084867;-0.002836
Point;CP 15;1,187.921369;-97.369305;-1,943.345947;-0.996409;0.084668;0.000403
Point;CP 16;1,187.734922;-97.997475;-2,417.621826;-0.996690;0.081291;0.000687
Point;CP 17;1,187.717843;-97.708492;-2,500.173340;-0.996726;0.080845;0.001260
Point;CP 18;1,187.702915;-97.873720;-2,559.233398;-0.996729;0.080801;-0.001788
Point;CP 1;1,155.674909;-292.233843;2,558.563965;-0.970101;0.242685;-0.002812
Point;CP 2;1,155.546664;-292.559107;2,500.363770;-0.969707;0.244269;-0.000676
Point;CP 3;1,155.710492;-291.672296;2,412.705078;-0.969868;0.243630;0.000640
Point;CP 4;1,155.385624;-292.126987;1,939.811523;-0.969231;0.246152;0.000696
Point;CP 5;1,155.080442;-291.739374;1,467.083984;-0.969721;0.244213;0.000842
Point;CP 6;1,154.796316;-292.493250;1,240.862061;-0.969137;0.246521;0.000359
Point;CP 7;1,155.228216;-291.428095;844.518066;-0.967685;0.252159;0.001270
Point;CP 8;1,154.804029;-292.433833;429.534912;-0.967811;0.251677;0.000476
Point;CP 9;1,154.513727;-292.588952;25.908936;-0.966920;0.255076;0.001108
Point;CP 10;1,154.410872;-292.990791;-23.953613;-0.967451;0.253057;-0.000600
Point;CP 11;1,154.652316;-292.871911;-437.760254;-0.967418;0.253183;-0.000958
Point;CP 12;1,155.357470;-291.666606;-849.103394;-0.968603;0.248462;0.008671
Point;CP 13;1,155.040295;-292.290091;-1,244.599976;-0.968488;0.249061;0.000604
Point;CP 14;1,155.359982;-291.272982;-1,468.703491;-0.968758;0.248006;0.000682
Point;CP 15;1,154.898311;-292.900328;-1,943.579834;-0.968694;0.248252;0.001775
Point;CP 16;1,155.325941;-292.043698;-2,418.854980;-0.968802;0.247833;0.000836
Point;CP 17;1,155.166414;-292.756410;-2,501.173828;-0.969378;0.245571;0.000321
Point;CP 18;1,155.229267;-292.242303;-2,557.448242;-0.970075;0.242805;-0.000436
Point;CP 1;1,091.742159;-478.122220;2,559.630859;-0.914154;0.405366;-0.000629
Point;CP 2;1,091.627188;-478.355073;2,500.682617;-0.914206;0.405246;0.001745
Point;CP 3;1,091.576199;-478.365483;2,413.207031;-0.915394;0.402550;0.002846
Point;CP 4;1,091.538962;-478.116939;1,939.887695;-0.915223;0.402945;0.001644
Point;CP 5;1,090.339388;-478.927217;1,462.776855;-0.914291;0.405044;0.003289
Point;CP 6;1,090.270660;-478.606747;1,238.191162;-0.915231;0.402926;0.001707
Point;CP 7;1,090.130701;-478.437247;844.913330;-0.914038;0.405624;0.002037
Point;CP 8;1,090.028272;-478.101621;435.191406;-0.913817;0.406126;0.000201
Point;CP 9;1,089.800958;-477.636406;28.010498;-0.914047;0.405607;0.001076
Point;CP 10;1,089.848428;-477.476669;-25.803955;-0.913845;0.406063;-0.000212
Point;CP 11;1,090.017895;-477.736045;-436.676758;-0.916229;0.400619;-0.005372
Point;CP 12;1,090.247863;-477.546195;-846.398438;-0.912232;0.409643;0.005140
Point;CP 13;1,090.002264;-478.387264;-1,246.647827;-0.914120;0.405442;0.001120
Point;CP 14;1,090.060143;-478.862149;-1,469.673340;-0.915214;0.402967;-0.000573
Point;CP 15;1,090.183065;-478.894449;-1,943.870239;-0.915136;0.403144;-0.001209
Point;CP 16;1,090.395737;-478.966113;-2,418.065430;-0.913927;0.405819;0.006997
Point;CP 17;1,090.553110;-478.406422;-2,500.649902;-0.913683;0.406427;0.000808
Point;CP 18;1,090.692500;-478.113828;-2,562.872070;-0.914473;0.404634;-0.003169
Point;CP 1;997.731637;-651.231316;2,559.220703;-0.838085;0.545528;-0.003521
Point;CP 2;997.950629;-651.084403;2,501.155273;-0.838869;0.544332;-0.000693
Point;CP 3;997.643793;-651.832218;2,415.375488;-0.841508;0.540232;-0.003716
Point;CP 4;997.712758;-651.506203;1,939.914551;-0.838371;0.545096;0.002096
Point;CP 5;996.814971;-651.400067;1,467.458496;-0.838580;0.544768;0.003339
Point;CP 6;996.181686;-651.857287;1,245.843262;-0.837445;0.546522;-0.000001
Point;CP 7;996.552821;-651.099394;842.382080;-0.837545;0.546367;0.001151
Point;CP 8;996.612600;-650.771591;433.834961;-0.839184;0.543848;-0.000489
Point;CP 9;996.494051;-650.732123;23.773926;-0.839641;0.543141;0.001060
Point;CP 10;996.354446;-651.064543;-24.550049;-0.842190;0.539178;-0.001967
Point;CP 11;996.165159;-651.447320;-436.695068;-0.838771;0.544480;-0.002276
Point;CP 12;996.518688;-651.012926;-845.541870;-0.840365;0.541985;0.006229
Point;CP 13;996.876211;-649.973745;-1,245.495117;-0.838406;0.545045;-0.000867
Point;CP 14;996.502281;-650.800655;-1,430.719971;-0.835737;0.549122;-0.002920
Point;CP 15;996.677769;-650.996390;-1,941.887695;-0.836329;0.548227;-0.000333
Point;CP 16;997.194107;-650.342326;-2,418.020996;-0.836136;0.548517;0.002597
Point;CP 17;996.529783;-651.272888;-2,498.032471;-0.837476;0.546474;-0.000383
Point;CP 18;997.323097;-650.049601;-2,562.353027;-0.836997;0.547206;0.001222
Point;CP 1;876.012559;-807.258206;2,560.938477;-0.730263;0.683166;0.000454
Point;CP 2;876.456526;-806.724292;2,501.847168;-0.730545;0.682865;-0.000480
Point;CP 3;876.358598;-806.714183;2,417.237793;-0.731646;0.681684;0.001336
Point;CP 4;876.431047;-806.832668;1,940.939941;-0.735199;0.677849;-0.001857
Point;CP 5;876.042330;-806.322271;1,469.746094;-0.732103;0.681194;-0.000115
Point;CP 6;875.642550;-806.768026;1,242.909912;-0.734154;0.678983;0.000441
Point;CP 7;875.703943;-806.592501;847.217285;-0.736913;0.675987;0.000806
Point;CP 8;876.210502;-806.222159;437.243896;-0.739294;0.673382;-0.000481
Point;CP 9;875.428943;-806.791434;24.903809;-0.733728;0.679443;-0.000251
Point;CP 10;876.179053;-806.020655;-27.324463;-0.733662;0.679514;-0.000617
Point;CP 11;876.801306;-806.287778;-437.889160;-0.743414;0.668810;0.005367
Point;CP 12;875.750938;-805.924472;-845.599121;-0.734180;0.678932;0.005610
Point;CP 13;875.423381;-806.039996;-1,243.650391;-0.732296;0.680986;-0.000295
Point;CP 14;875.518432;-806.098179;-1,467.997437;-0.735321;0.677718;-0.000795
Point;CP 15;875.494467;-806.041852;-1,942.307373;-0.733317;0.679885;0.001640
Point;CP 16;875.557408;-805.993669;-2,416.807617;-0.733577;0.679606;0.000423
Point;CP 17;875.511704;-805.879440;-2,504.408447;-0.732290;0.680986;0.003052
Point;CP 18;875.530964;-805.753178;-2,562.703613;-0.732746;0.680501;0.001612
Point;CP 1;731.582649;-939.814745;2,560.576660;-0.616007;0.787740;0.000863
Point;CP 2;731.798031;-939.513098;2,498.130371;-0.614875;0.788623;0.001347
Point;CP 3;730.948746;-940.051974;2,414.668945;-0.612798;0.790235;0.002765
Point;CP 4;731.724193;-938.965859;1,940.138184;-0.617979;0.786194;0.000099
Point;CP 5;731.077791;-939.239057;1,470.888672;-0.616298;0.787509;-0.002340
Point;CP 6;731.715964;-938.466466;1,241.849365;-0.614813;0.788670;0.002273
Point;CP 7;730.565412;-939.291509;843.103027;-0.627846;0.778336;0.001297
Point;CP 8;731.451235;-939.000525;433.487793;-0.610517;0.792001;-0.001791
Point;CP 9;731.028477;-939.359547;20.461670;-0.612153;0.790740;0.000210
Point;CP 10;732.211008;-938.499939;-29.814453;-0.612058;0.790811;-0.001700
Point;CP 11;731.397604;-939.360882;-433.574951;-0.637020;0.769112;-0.051689
Point;CP 12;730.832297;-938.732337;-845.007812;-0.610852;0.791744;-0.001394
Point;CP 13;731.800676;-938.336492;-1,243.081909;-0.612834;0.790211;-0.000160
Point;CP 14;730.475645;-939.428240;-1,470.398438;-0.614312;0.789064;-0.000123
Point;CP 15;730.909381;-939.220736;-1,945.086548;-0.613753;0.789495;0.002258
Point;CP 16;730.593513;-939.479559;-2,414.675537;-0.624066;0.781364;-0.003515
Point;CP 17;730.617335;-939.231069;-2,502.251221;-0.613778;0.789470;0.003591
Point;CP 18;730.837202;-938.886672;-2,561.092285;-0.615851;0.787855;0.003541
Point;CP 1;567.262811;-1,046.790057;2,560.990723;-0.476530;0.879157;-0.001114
Point;CP 2;567.632186;-1,046.617159;2,498.915527;-0.475972;0.879460;0.001094
Point;CP 3;566.828481;-1,047.032625;2,415.820801;-0.476400;0.879228;0.000736
Point;CP 4;566.603666;-1,046.860669;1,944.014648;-0.473034;0.881044;0.000511
Point;CP 5;566.426136;-1,046.531287;1,466.571289;-0.477365;0.878704;0.001232
Point;CP 6;566.758717;-1,046.361651;1,242.668945;-0.476122;0.879377;0.002033
Point;CP 7;566.006417;-1,046.480374;846.336670;-0.473031;0.881046;-0.000586
Point;CP 8;566.127163;-1,047.078273;436.562500;-0.530022;0.841300;-0.106257
Point;CP 9;566.199614;-1,046.684312;26.884521;-0.472491;0.881335;0.000830
Point;CP 10;566.672424;-1,046.405610;-27.622559;-0.477794;0.878472;0.000066
Point;CP 11;566.574298;-1,046.598868;-437.397217;-0.477210;0.878787;0.002118
Point;CP 12;566.010434;-1,046.478165;-845.421021;-0.475467;0.879733;0.001359
Point;CP 13;566.589871;-1,046.341294;-1,243.862915;-0.484843;0.874601;-0.000003
Point;CP 14;565.912478;-1,046.341663;-1,467.096924;-0.474092;0.880470;-0.002911
Point;CP 15;565.225041;-1,047.243531;-1,941.099243;-0.470629;0.882331;-0.000696
Point;CP 16;566.428453;-1,046.616515;-2,413.438477;-0.470497;0.882391;-0.004275
Point;CP 17;566.644020;-1,046.443237;-2,499.956055;-0.470679;0.882303;0.001486
Point;CP 18;566.165968;-1,046.593094;-2,558.719482;-0.488047;0.872809;-0.003938
Point;CP 1;386.628396;-1,126.111257;2,558.155762;-0.325257;0.945625;0.000905
Point;CP 2;387.277514;-1,125.844241;2,502.403320;-0.327377;0.944894;0.000365
Point;CP 3;385.915157;-1,126.229250;2,415.495605;-0.323695;0.946160;0.001618
Point;CP 4;386.373469;-1,125.773073;1,941.276855;-0.322691;0.946502;0.002114
Point;CP 5;386.050439;-1,125.561311;1,467.589844;-0.325281;0.945617;0.000400
Point;CP 6;385.639423;-1,125.488211;1,242.792725;-0.327603;0.944815;0.000433
Point;CP 7;385.643116;-1,125.391127;844.027832;-0.324987;0.945716;0.002251
Point;CP 8;386.643061;-1,124.915282;435.900635;-0.327507;0.944848;0.001251
Point;CP 9;385.784419;-1,125.474848;27.384033;-0.327124;0.944980;0.001506
Point;CP 10;386.291484;-1,125.237017;-25.390625;-0.325150;0.945660;0.002114
Point;CP 11;386.644283;-1,125.279055;-436.955566;-0.328625;0.944460;0.000829
Point;CP 12;385.600525;-1,125.612312;-847.132568;-0.326178;0.945308;-0.000422
Point;CP 13;385.756183;-1,125.542777;-1,245.117432;-0.323413;0.946258;-0.000152
Point;CP 14;386.852937;-1,124.898633;-1,468.266724;-0.324311;0.945951;-0.000350
Point;CP 15;386.043858;-1,125.832429;-1,941.473267;-0.324661;0.945830;-0.001055
Point;CP 16;386.648503;-1,125.805924;-2,415.491699;-0.322786;0.946469;-0.002514
Point;CP 17;386.548155;-1,125.846270;-2,498.720947;-0.323141;0.946350;-0.001388
Point;CP 18;385.683004;-1,126.103607;-2,560.317383;-0.324857;0.945763;-0.000844
Point;CP 1;196.947199;-1,173.755145;2,558.331055;-0.169430;0.985542;-0.000970
Point;CP 2;195.192480;-1,174.073829;2,499.812988;-0.161835;0.986817;-0.000913
Point;CP 3;194.762407;-1,174.110578;2,414.276367;-0.162934;0.986637;0.000593
Point;CP 4;195.076518;-1,174.067050;1,941.687012;-0.161749;0.986831;0.001150
Point;CP 5;194.786062;-1,174.284258;1,468.702637;-0.166023;0.986122;0.000505
Point;CP 6;194.679521;-1,174.116296;1,242.841309;-0.160886;0.986973;0.000787
Point;CP 7;194.682784;-1,173.999995;845.747803;-0.168009;0.985785;-0.000289
Point;CP 8;195.029859;-1,174.180299;437.488281;-0.166228;0.986087;-0.000027
Point;CP 9;195.653318;-1,173.808471;26.360596;-0.167506;0.985871;0.000014
Point;CP 10;194.059023;-1,174.067737;-25.181396;-0.167768;0.985826;-0.000305
Point;CP 11;195.468031;-1,173.977158;-436.334717;-0.166861;0.985980;0.000500
Point;CP 12;195.949501;-1,173.644880;-846.761841;-0.167523;0.985868;0.000428
Point;CP 13;195.092707;-1,173.696521;-1,244.124146;-0.157567;0.987508;0.000313
Point;CP 14;195.003220;-1,173.678019;-1,467.955933;-0.164637;0.986354;-0.000455
Point;CP 15;194.661427;-1,174.047804;-1,941.617065;-0.165503;0.986208;-0.001467
Point;CP 16;196.318751;-1,173.916963;-2,414.378418;-0.168999;0.985608;-0.004099
Point;CP 17;195.588976;-1,174.050800;-2,499.201416;-0.164880;0.986309;-0.002871
Point;CP 18;195.084921;-1,174.158737;-2,558.078369;-0.172834;0.984948;-0.002280
Point;CP 1;-1.165018;-1,189.787838;2,556.347168;-0.012481;0.999919;-0.002515
Point;CP 2;-1.164547;-1,189.876192;2,500.342773;-0.011129;0.999937;-0.001516
Point;CP 3;-1.185978;-1,189.976920;2,413.726562;-0.010635;0.999942;-0.001921
Point;CP 4;-1.147854;-1,189.866734;1,941.599121;-0.009590;0.999954;0.000277
Point;CP 5;-1.499342;-1,189.910611;1,466.942383;-0.004019;0.999992;-0.000317
Point;CP 6;-2.250115;-1,189.906061;1,242.855469;-0.007870;0.999968;-0.001319
Point;CP 7;-2.586910;-1,189.988194;841.173340;-0.011478;0.999934;0.000347
Point;CP 8;-1.333640;-1,190.205091;433.865723;-0.001827;0.999997;0.001344
Point;CP 9;-0.544925;-1,190.045694;25.059082;-0.011339;0.999936;-0.000621
Point;CP 10;-0.523572;-1,190.160420;-25.214355;-0.032061;0.999303;0.019101
Point;CP 11;-1.219476;-1,190.349192;-437.151611;-0.002321;0.999996;-0.001487
Point;CP 12;-0.575043;-1,190.225545;-845.975098;0.000362;1.000000;0.000195
Point;CP 13;-0.538860;-1,189.969879;-1,245.542847;-0.002609;0.999997;-0.000182
Point;CP 14;-1.080569;-1,189.816416;-1,470.765503;0.000176;0.999999;-0.001063
Point;CP 15;-0.372428;-1,190.057974;-1,939.440796;-0.010091;0.999949;0.000003
Point;CP 16;-0.773307;-1,190.852131;-2,415.271484;-0.008420;0.999964;-0.001333
Point;CP 17;-0.079396;-1,190.915642;-2,498.635010;-0.008427;0.999963;-0.001775
Point;CP 18;-1.438834;-1,190.902616;-2,559.433594;-0.012147;0.999924;0.002162
Point;CP 1;-197.347738;-1,173.142996;2,559.658203;0.164565;0.986366;0.000467
Point;CP 2;-196.691308;-1,173.237612;2,503.373047;0.164945;0.986302;0.001072
Point;CP 3;-196.603329;-1,173.109442;2,415.301758;0.163173;0.986597;-0.000303
Point;CP 4;-194.005885;-1,172.961581;1,950.813843;0.161618;0.986853;0.000679
Point;CP 5;-193.955021;-1,173.030967;1,476.761963;0.165962;0.986128;0.002823
Point;CP 6;-194.786035;-1,172.718972;1,249.949829;0.173031;0.984916;0.001075
Point;CP 7;-194.404801;-1,172.763580;853.492432;0.164895;0.986311;0.000766
Point;CP 8;-196.467146;-1,172.758559;437.428711;0.156184;0.987719;0.004271
Point;CP 9;-195.425084;-1,172.808619;28.211426;0.174781;0.984607;0.000475
Point;CP 10;-196.244952;-1,172.694994;-25.883789;0.171361;0.985208;-0.000119
Point;CP 11;-196.919787;-1,172.779104;-437.394043;0.164405;0.986392;0.001016
Point;CP 12;-196.640903;-1,172.993127;-845.060303;0.166903;0.985972;-0.001514
Point;CP 13;-196.294997;-1,173.097942;-1,242.387451;0.164182;0.986428;-0.002234
Point;CP 14;-196.417228;-1,173.331849;-1,467.598022;0.154828;0.987911;-0.007700
Point;CP 15;-197.070257;-1,173.768295;-1,942.614746;0.164189;0.986428;-0.001476
Point;CP 16;-196.417974;-1,174.101004;-2,413.610596;0.160356;0.987055;-0.002803
Point;CP 17;-196.591205;-1,174.129066;-2,498.221191;0.165075;0.986281;0.000252
Point;CP 18;-196.278619;-1,174.210912;-2,557.996338;0.163598;0.986525;-0.001845
Point;CP 1;-388.038180;-1,124.491701;2,556.685547;0.324110;0.946015;-0.002995
Point;CP 2;-387.077150;-1,124.809969;2,499.980957;0.323057;0.946377;0.002089
Point;CP 3;-387.531213;-1,124.491466;2,415.286621;0.325910;0.945400;0.001209
Point;CP 4;-385.680435;-1,124.519828;1,944.760986;0.325691;0.945471;0.003233
Point;CP 5;-385.297767;-1,124.521217;1,474.320068;0.322652;0.946514;0.002518
Point;CP 6;-384.613056;-1,124.546107;1,248.128784;0.324451;0.945902;0.000004
Point;CP 7;-386.060243;-1,123.959625;849.846375;0.327501;0.944847;-0.002631
Point;CP 8;-385.269675;-1,124.521914;438.880798;0.324667;0.945828;-0.000718
Point;CP 9;-387.716751;-1,124.075242;24.976318;0.331734;0.943373;-0.000081
Point;CP 10;-385.246908;-1,124.935812;-21.846436;0.326181;0.945307;-0.000297
Point;CP 11;-386.586735;-1,124.779388;-435.922607;0.322786;0.946472;-0.000745
Point;CP 12;-386.651897;-1,125.270847;-846.012939;0.318928;0.947778;-0.001052
Point;CP 13;-387.320781;-1,124.746341;-1,241.775513;0.325789;0.945439;-0.002610
Point;CP 14;-387.451804;-1,124.915466;-1,467.269409;0.330152;0.943923;-0.002840
Point;CP 15;-386.576352;-1,125.871041;-1,940.013916;0.321358;0.946957;-0.001129
Point;CP 16;-386.897108;-1,126.423825;-2,413.174072;0.325825;0.945424;-0.003282
Point;CP 17;-387.070406;-1,126.542182;-2,498.421631;0.327315;0.944915;-0.000860
Point;CP 18;-387.334867;-1,126.496458;-2,555.021973;0.324388;0.945919;-0.003194
Point;CP 1;-566.641719;-1,045.965685;2,561.363770;0.474512;0.880249;-0.000349
Point;CP 2;-567.056977;-1,045.708867;2,499.841797;0.476248;0.879310;0.001589
Point;CP 3;-567.110054;-1,045.582100;2,416.220215;0.473222;0.880942;0.001669
Point;CP 4;-566.873042;-1,045.762548;1,940.455078;0.470085;0.882621;0.001176
Point;CP 5;-567.342286;-1,045.246748;1,468.039551;0.473847;0.880606;0.001319
Point;CP 6;-567.054564;-1,045.171417;1,242.651855;0.470418;0.882444;0.000650
Point;CP 7;-566.316043;-1,045.712013;847.432861;0.465880;0.884846;0.001771
Point;CP 8;-567.158851;-1,045.520923;435.003174;0.468725;0.883339;-0.003086
Point;CP 9;-567.181782;-1,045.531966;27.119385;0.474322;0.880339;-0.004630
Point;CP 10;-567.014712;-1,045.791043;-25.750488;0.472421;0.881371;-0.002001
Point;CP 11;-566.599427;-1,045.870785;-435.322998;0.476705;0.879063;0.000567
Point;CP 12;-566.783785;-1,045.858769;-842.348267;0.475125;0.879918;-0.000748
Point;CP 13;-566.792218;-1,046.339164;-1,241.665405;0.471890;0.881653;-0.002653
Point;CP 14;-566.291755;-1,046.711040;-1,466.921143;0.474749;0.880117;-0.002741
Point;CP 15;-565.416840;-1,047.922317;-1,938.991455;0.474432;0.880292;0.001021
Point;CP 16;-565.423564;-1,048.484356;-2,408.774170;0.472224;0.881460;-0.005787
Point;CP 17;-567.649207;-1,047.369512;-2,498.740723;0.473797;0.880634;0.001065
Point;CP 18;-567.088512;-1,047.724364;-2,555.623779;0.472798;0.881171;-0.000411
Point;CP 1;-731.304801;-938.226853;2,559.707520;0.613864;0.789412;-0.000612
Point;CP 2;-731.768221;-938.031477;2,499.514648;0.613620;0.789601;0.000885
Point;CP 3;-731.942446;-937.751187;2,414.426270;0.613777;0.789479;-0.001094
Point;CP 4;-730.848694;-938.674274;1,942.454102;0.613438;0.789742;-0.000839
Point;CP 5;-731.453786;-938.640216;1,468.449219;0.609287;0.792949;0.000920
Point;CP 6;-730.664878;-939.013375;1,245.953857;0.606704;0.794926;0.001750
Point;CP 7;-731.482402;-938.076912;845.967041;0.611327;0.791372;-0.002992
Point;CP 8;-731.228632;-938.089642;436.518066;0.640991;0.767543;0.002717
Point;CP 9;-731.391843;-937.965868;28.270020;0.612533;0.790444;0.001040
Point;CP 10;-731.860628;-937.635343;-23.159912;0.611909;0.790928;-0.000480
Point;CP 11;-731.349071;-938.147001;-434.818604;0.611306;0.791393;-0.001478
Point;CP 12;-732.029773;-938.011055;-845.634033;0.614521;0.788892;-0.003759
Point;CP 13;-731.675040;-938.598504;-1,242.830566;0.618019;0.786163;-0.000691
Point;CP 14;-731.498204;-938.874970;-1,467.327393;0.612700;0.790315;-0.000789
Point;CP 15;-732.198039;-938.929351;-1,942.120850;0.614174;0.789170;0.000554
Point;CP 16;-731.783209;-939.645602;-2,414.020752;0.615326;0.788272;-0.001151
Point;CP 17;-733.663165;-938.323628;-2,498.253662;0.613882;0.789398;0.000310
Point;CP 18;-732.198292;-939.568798;-2,556.722168;0.615158;0.788396;-0.003553
Point;CP 1;-875.653522;-805.705268;2,558.932617;0.732571;0.680691;0.000204
Point;CP 2;-876.117927;-805.129581;2,500.528320;0.732994;0.680233;0.001514
Point;CP 3;-876.341824;-804.714168;2,416.297363;0.732765;0.680481;0.001393
Point;CP 4;-876.557152;-805.066202;1,940.648926;0.741184;0.671301;-0.001260
Point;CP 5;-875.757658;-805.621217;1,470.585938;0.736052;0.676924;-0.001047
Point;CP 6;-875.529976;-805.652868;1,244.909668;0.735187;0.677857;0.003098
Point;CP 7;-875.828685;-804.526811;844.954102;0.737580;0.675244;0.004550
Point;CP 8;-876.539817;-805.331653;436.892334;0.739222;0.673462;-0.000608
Point;CP 9;-875.789643;-805.386956;26.630615;0.728450;0.685095;0.002510
Point;CP 10;-876.389961;-804.732649;-24.980713;0.726263;0.687416;0.001321
Point;CP 11;-876.432483;-805.516455;-435.242676;0.738940;0.673744;-0.006053
Point;CP 12;-875.471168;-805.510451;-845.408569;0.735449;0.677578;-0.001611
Point;CP 13;-876.019254;-805.950676;-1,243.075195;0.732324;0.680956;-0.000552
Point;CP 14;-876.368629;-805.609234;-1,468.436157;0.732620;0.680638;0.000580
Point;CP 15;-876.830076;-805.977452;-1,940.348145;0.736333;0.676619;0.000514
Point;CP 16;-876.404551;-806.353345;-2,415.314941;0.725510;0.688211;0.001001
Point;CP 17;-877.628467;-805.200830;-2,499.458008;0.728978;0.684535;0.002054
Point;CP 18;-876.503311;-806.516296;-2,558.268066;0.730129;0.683303;-0.002840
Point;CP 1;-996.559292;-651.529304;2,561.305664;0.834420;0.551129;0.000669
Point;CP 2;-997.153621;-650.481250;2,501.292969;0.834283;0.551336;0.000633
Point;CP 3;-997.114555;-650.431925;2,415.605469;0.836044;0.548662;0.000170
Point;CP 4;-997.048178;-650.419840;1,942.979492;0.835255;0.549860;-0.001642
Point;CP 5;-996.706161;-650.450298;1,469.329590;0.836367;0.548158;0.003472
Point;CP 6;-997.189593;-650.066134;1,243.807617;0.833539;0.552459;0.000923
Point;CP 7;-997.441799;-649.971456;846.092529;0.836668;0.547711;-0.000572
Point;CP 8;-997.418998;-650.358342;435.739502;0.838032;0.545619;-0.001025
Point;CP 9;-997.374885;-650.193087;28.154053;0.837967;0.545718;-0.002036
Point;CP 10;-997.731815;-649.768432;-24.577393;0.846610;0.532158;-0.007733
Point;CP 11;-997.468550;-649.483512;-435.298340;0.832466;0.554075;-0.000885
Point;CP 12;-997.368272;-650.032630;-843.092896;0.831222;0.555935;-0.002630
Point;CP 13;-997.316221;-650.395236;-1,244.608276;0.835663;0.549237;0.002560
Point;CP 14;-997.008770;-650.792553;-1,468.804810;0.837892;0.545825;-0.003526
Point;CP 15;-998.231626;-650.670425;-1,940.856201;0.838513;0.544818;-0.008247
Point;CP 16;-998.665082;-650.775328;-2,414.566406;0.836378;0.548151;-0.001470
Point;CP 17;-998.953770;-650.509164;-2,500.004639;0.839623;0.543168;-0.001127
Point;CP 18;-998.223549;-651.600894;-2,556.013916;0.835621;0.549251;0.007805
Point;CP 1;-1,091.208765;-478.640805;2,559.358887;0.918578;0.395237;0.000949
Point;CP 2;-1,091.283700;-478.459891;2,501.954102;0.915034;0.403372;0.002046
Point;CP 3;-1,091.110706;-478.951832;2,415.923828;0.913936;0.405848;-0.002879
Point;CP 4;-1,090.921421;-478.158040;1,941.913574;0.914007;0.405697;-0.001393
Point;CP 5;-1,090.571749;-477.765500;1,470.622559;0.913999;0.405693;0.004397
Point;CP 6;-1,090.851553;-477.387729;1,245.848145;0.918579;0.395238;0.000457
Point;CP 7;-1,090.161738;-478.734743;847.176514;0.919304;0.393548;-0.000364
Point;CP 8;-1,090.438535;-477.728018;436.829102;0.921215;0.389047;0.002282
Point;CP 9;-1,089.947342;-478.223447;27.602051;0.918231;0.396045;0.000831
Point;CP 10;-1,090.098048;-477.746306;-25.097412;0.918695;0.394967;0.000487
Point;CP 11;-1,090.791697;-476.548871;-434.310547;0.917552;0.397614;-0.001008
Point;CP 12;-1,090.167203;-478.014315;-843.530640;0.917810;0.397019;-0.000776
Point;CP 13;-1,090.664146;-478.175871;-1,239.676392;0.917642;0.397403;-0.001923
Point;CP 14;-1,090.590006;-478.153813;-1,466.940063;0.918331;0.395804;-0.002730
Point;CP 15;-1,091.850758;-477.816198;-1,939.665894;0.918206;0.396102;-0.000303
Point;CP 16;-1,092.039878;-478.478113;-2,413.817627;0.917893;0.396823;-0.001772
Point;CP 17;-1,092.411498;-477.853586;-2,497.904785;0.917419;0.397923;-0.000089
Point;CP 18;-1,092.433108;-477.798767;-2,555.953125;0.918168;0.396191;-0.000802
Point;CP 1;-1,155.871039;-291.856657;2,557.846191;0.971025;0.238976;-0.001325
Point;CP 2;-1,156.078122;-291.379184;2,499.687988;0.969681;0.244361;-0.002592
Point;CP 3;-1,155.918793;-292.041124;2,417.029785;0.969502;0.245081;-0.001389
Point;CP 4;-1,155.674150;-292.388934;1,943.695801;0.972671;0.228846;0.039252
Point;CP 5;-1,155.021853;-293.254938;1,470.486816;0.968882;0.247509;0.002455
Point;CP 6;-1,155.062785;-291.908601;1,242.341553;0.968732;0.248098;-0.002357
Point;CP 7;-1,154.558639;-292.073782;847.889160;0.969552;0.244885;0.000249
Point;CP 8;-1,154.103315;-292.960218;438.275879;0.967786;0.251773;0.000807
Point;CP 9;-1,154.192777;-291.692574;27.555176;0.967724;0.252010;-0.000394
Point;CP 10;-1,154.241038;-291.554866;-24.238037;0.967860;0.251489;-0.000365
Point;CP 11;-1,154.360882;-292.069646;-432.545410;0.966776;0.255623;-0.001045
Point;CP 12;-1,154.281501;-292.153490;-841.743286;0.967904;0.251320;-0.000842
Point;CP 13;-1,154.760189;-291.822721;-1,240.386719;0.967457;0.253034;0.001157
Point;CP 14;-1,154.756947;-292.273153;-1,465.825562;0.968759;0.247995;-0.001873
Point;CP 15;-1,155.723853;-291.323557;-1,939.158813;0.969608;0.244659;-0.001569
Point;CP 16;-1,155.928297;-292.213447;-2,412.504639;0.969733;0.244158;-0.002177
Point;CP 17;-1,156.199019;-291.460297;-2,498.169922;0.970398;0.241508;-0.001545
Point;CP 18;-1,156.072257;-292.058571;-2,556.003418;0.970193;0.242334;-0.000077
Point;CP 1;-1,187.785024;-96.995615;2,556.708008;0.996414;0.084604;0.001441
Point;CP 2;-1,187.822689;-97.094287;2,496.116211;0.996638;0.081924;0.000972
Point;CP 3;-1,187.748447;-97.877978;2,411.225586;0.996925;0.078358;0.000375
Point;CP 4;-1,187.425912;-97.887467;1,941.769531;0.996438;0.084285;0.002799
Point;CP 5;-1,187.250686;-98.753721;1,472.000977;0.996714;0.080992;0.001590
Point;CP 6;-1,187.163883;-97.473305;1,247.843506;0.996863;0.079139;0.001067
Point;CP 7;-1,187.111932;-97.809835;850.718018;0.996432;0.084393;0.000750
Point;CP 8;-1,187.227480;-96.575916;440.595459;0.996497;0.083620;0.000986
Point;CP 9;-1,187.159812;-97.004053;24.032715;0.996400;0.084771;-0.000593
Point;CP 10;-1,187.089450;-97.956333;-25.576172;0.996689;0.081309;-0.000629
Point;CP 11;-1,187.543044;-96.366356;-434.166260;0.996621;0.082141;-0.000392
Point;CP 12;-1,187.234802;-97.467588;-846.609985;0.996486;0.083753;-0.000501
Point;CP 13;-1,187.115990;-97.173744;-1,245.734131;0.996216;0.086904;0.001502
Point;CP 14;-1,187.024675;-96.998384;-1,464.251099;0.996459;0.084074;-0.000781
Point;CP 15;-1,187.788775;-96.943495;-1,947.634399;0.996394;0.084846;-0.000224
Point;CP 16;-1,188.216686;-98.052812;-2,407.175049;0.996426;0.084462;-0.001507
Point;CP 17;-1,188.304979;-98.366194;-2,496.645996;0.996365;0.085172;-0.001474
Point;CP 18;-1,188.284485;-99.048615;-2,559.955078;0.996223;0.086828;-0.000474
Point;CP 1;-1,187.842545;98.447720;2,560.312500;0.996734;-0.080753;-0.000014
Point;CP 2;-1,187.748476;99.299106;2,499.062988;0.996594;-0.082459;0.000746
Point;CP 3;-1,187.686133;98.843361;2,415.623047;0.996086;-0.088390;-0.000631
Point;CP 4;-1,187.110003;98.162755;1,945.546387;0.996284;-0.086116;0.001652
Point;CP 5;-1,186.884202;98.455565;1,470.718262;0.996489;-0.083726;0.000461
Point;CP 6;-1,186.573369;98.493506;1,239.866211;0.995975;-0.089609;0.002175
Point;CP 7;-1,186.432593;98.497815;846.396973;0.996472;-0.083912;0.001240
Point;CP 8;-1,186.570747;97.921185;438.041748;0.996334;-0.085553;-0.000383
Point;CP 9;-1,186.567144;98.622908;25.468262;0.996174;-0.087384;-0.001504
Point;CP 10;-1,186.608348;98.610900;-27.175781;0.996199;-0.087106;0.000442
Point;CP 11;-1,186.729056;99.128833;-439.633789;0.995909;-0.090355;-0.001070
Point;CP 12;-1,186.536061;99.285873;-849.709229;0.996126;-0.087910;-0.002070
Point;CP 13;-1,186.723243;97.905607;-1,244.957275;0.996127;-0.087926;0.000884
Point;CP 14;-1,186.699993;98.455077;-1,470.415771;0.996609;-0.082279;-0.000673
Point;CP 15;-1,187.291939;98.594586;-1,939.207275;0.996463;-0.084028;-0.000735
Point;CP 16;-1,187.688391;98.413859;-2,411.889160;0.996200;-0.087075;-0.001645
Point;CP 17;-1,187.871522;98.070615;-2,499.298828;0.996204;-0.087041;-0.001165
Point;CP 18;-1,187.907419;98.471353;-2,554.403320;0.996660;-0.081654;-0.001166
Point;CP 1;-1,155.450216;293.238892;2,560.001465;0.969041;-0.246868;-0.003900
Point;CP 2;-1,155.478118;292.664044;2,499.298828;0.969136;-0.246412;0.007595
Point;CP 3;-1,155.252820;292.097961;2,414.083984;0.970442;-0.241331;0.001006
Point;CP 4;-1,155.794136;292.711555;1,940.875977;0.965474;-0.259416;-0.023748
Point;CP 5;-1,154.871614;291.605060;1,466.392578;0.969315;-0.245819;-0.001084
Point;CP 6;-1,154.511643;292.523888;1,253.044189;0.968822;-0.247753;0.001659
Point;CP 7;-1,154.542969;291.678550;845.435303;0.969657;-0.244462;0.001608
Point;CP 8;-1,154.135912;292.097652;435.507324;0.968839;-0.247684;-0.002068
Point;CP 9;-1,153.782775;292.447234;26.310791;0.968333;-0.249657;0.001479
Point;CP 10;-1,153.897862;292.385100;-24.972412;0.947691;-0.311700;0.068734
Point;CP 11;-1,153.855428;291.707839;-437.313232;0.969037;-0.246916;-0.000336
Point;CP 12;-1,153.889730;292.297416;-845.077637;0.968922;-0.247360;-0.001518
Point;CP 13;-1,153.966731;292.673866;-1,241.534668;0.968685;-0.248292;-0.000213
Point;CP 14;-1,154.187968;292.403588;-1,462.744507;0.968760;-0.247996;-0.001414
Point;CP 15;-1,155.085691;292.248418;-1,942.512817;0.968766;-0.247974;-0.000719
Point;CP 16;-1,155.431998;292.659119;-2,417.120850;0.970011;-0.243051;-0.002240
Point;CP 17;-1,155.436528;292.998770;-2,499.740723;0.969980;-0.243186;0.000229
Point;CP 18;-1,155.569310;292.570252;-2,559.391846;0.969226;-0.246169;-0.001331
Point;CP 1;-1,091.129166;478.937444;2,556.920410;0.916584;-0.399835;0.002311
Point;CP 2;-1,090.821603;479.519786;2,498.442383;0.917840;-0.396947;0.001876
Point;CP 3;-1,090.920189;479.018123;2,411.951660;0.918957;-0.394357;0.000382
Point;CP 4;-1,090.879167;479.245178;1,941.429688;0.911164;-0.412042;-0.001443
Point;CP 5;-1,090.273958;479.016757;1,467.265137;0.918890;-0.394513;0.000099
Point;CP 6;-1,089.987833;478.766648;1,244.236328;0.918106;-0.396325;0.002785
Point;CP 7;-1,089.820795;479.130506;843.553467;0.920484;-0.390779;0.000230
Point;CP 8;-1,089.932450;478.465116;435.356201;0.917445;-0.397861;0.000973
Point;CP 9;-1,089.624956;478.739849;25.247559;0.922811;-0.385254;0.000178
Point;CP 10;-1,089.748333;478.389602;-25.587402;0.922625;-0.385699;-0.000124
Point;CP 11;-1,089.162015;479.332650;-434.846680;0.917054;-0.398759;0.001666
Point;CP 12;-1,089.246917;479.379117;-847.979736;0.917260;-0.398283;-0.002252
Point;CP 13;-1,090.121488;478.081329;-1,245.403198;0.915747;-0.401753;-0.001590
Point;CP 14;-1,090.114954;477.625406;-1,469.952271;0.916418;-0.400221;-0.001150
Point;CP 15;-1,090.763055;478.713790;-1,942.411011;0.913891;-0.405937;0.004329
Point;CP 16;-1,090.930376;478.891034;-2,416.494385;0.917489;-0.397761;-0.001126
Point;CP 17;-1,090.930888;479.015321;-2,501.922607;0.917900;-0.396812;-0.000826
Point;CP 18;-1,091.135483;478.464582;-2,557.273926;0.916212;-0.400684;0.002865
Point;CP 1;-996.748891;651.813400;2,559.103027;0.835016;-0.550225;-0.000429
Point;CP 2;-996.958173;651.551970;2,498.920898;0.834486;-0.551026;-0.002077
Point;CP 3;-997.046164;651.442268;2,414.176758;0.836519;-0.547937;0.001104
Point;CP 4;-997.118465;651.408334;1,941.728027;0.834250;-0.551383;0.002091
Point;CP 5;-996.903327;651.126657;1,469.901855;0.835919;-0.548851;0.001186
Point;CP 6;-996.637104;650.777267;1,243.519043;0.834033;-0.551712;0.001969
Point;CP 7;-996.963510;650.458910;845.196777;0.835403;-0.549637;0.000418
Point;CP 8;-996.419939;650.981840;434.515625;0.836861;-0.547416;0.000245
Point;CP 9;-996.256756;651.518058;24.770752;0.833722;-0.552185;0.000041
Point;CP 10;-996.595962;650.836723;-26.827637;0.836802;-0.547492;0.003949
Point;CP 11;-995.540334;651.505198;-436.465576;0.836359;-0.548176;0.002547
Point;CP 12;-996.327517;650.503447;-842.789429;0.837330;-0.546697;-0.000102
Point;CP 13;-995.864091;651.181526;-1,241.839966;0.836864;-0.547408;-0.001753
Point;CP 14;-995.937147;651.233358;-1,468.828247;0.834305;-0.551293;0.003296
Point;CP 15;-996.680283;651.414696;-1,941.440552;0.833916;-0.551892;0.000040
Point;CP 16;-996.948885;651.722219;-2,415.549072;0.835465;-0.549544;-0.000730
Point;CP 17;-997.177475;651.514371;-2,500.964844;0.836845;-0.547441;0.000172
Point;CP 18;-997.638979;650.855017;-2,559.018799;0.838598;-0.544748;-0.001569
Point;CP 1;-875.442521;806.968722;2,555.973633;0.733272;-0.679934;0.001352
Point;CP 2;-876.778412;805.303364;2,496.125488;0.733725;-0.679440;0.002959
Point;CP 3;-875.444002;806.461830;2,417.810059;0.731688;-0.681636;0.002190
Point;CP 4;-875.943398;806.026198;1,943.311035;0.736305;-0.676649;-0.001289
Point;CP 5;-875.615311;806.242123;1,469.370605;0.732582;-0.680679;-0.000730
Point;CP 6;-875.151584;806.353468;1,245.054443;0.731479;-0.681861;0.001780
Point;CP 7;-875.876305;805.535726;845.155518;0.734682;-0.678412;-0.000775
Point;CP 9;-875.084806;806.549291;27.094482;0.735919;-0.677069;0.000703
Point;CP 10;-875.617163;805.666005;-22.686768;0.737880;-0.674922;-0.003486
Point;CP 11;-874.967891;806.367762;-436.376221;0.740923;-0.671544;0.007793
Point;CP 12;-874.803904;805.635480;-846.066284;0.734906;-0.678167;-0.001696
Point;CP 13;-875.207947;805.364864;-1,242.151733;0.735085;-0.677974;-0.001206
Point;CP 14;-875.223183;805.514662;-1,470.990112;0.734188;-0.678944;-0.001626
Point;CP 15;-875.232119;806.477855;-1,942.472412;0.737229;-0.675643;-0.000782
Point;CP 16;-874.936350;807.161214;-2,413.953369;0.732179;-0.681110;-0.001915
Point;CP 17;-875.379053;806.960779;-2,500.742188;0.732630;-0.680615;-0.004085
Point;CP 18;-875.863236;806.677869;-2,559.922607;0.731874;-0.681437;-0.002049
Point;CP 8;-875.631797;806.328604;423.018860;0.732044;-0.681231;0.006013
Point;CP 1;-731.210361;939.622589;2,557.662109;0.614111;-0.789217;-0.001930
Point;CP 2;-731.546206;939.275191;2,498.284180;0.614504;-0.788913;-0.001277
Point;CP 3;-731.282225;939.351030;2,413.162598;0.613611;-0.789607;0.001810
Point;CP 4;-731.262494;939.351649;1,940.653320;0.611939;-0.790905;0.000288
Point;CP 5;-731.024331;939.050535;1,467.743652;0.610734;-0.791834;0.001453
Point;CP 6;-730.930930;938.873469;1,243.512451;0.617134;-0.786857;-0.001364
Point;CP 7;-730.308403;939.187531;846.064453;0.615242;-0.788337;0.001062
Point;CP 8;-730.669608;939.210938;435.086914;0.609654;-0.792666;-0.001697
Point;CP 9;-730.575533;939.253006;25.613525;0.611743;-0.791056;0.000786
Point;CP 10;-730.936853;938.925712;-27.147217;0.612143;-0.790745;0.001750
Point;CP 11;-730.911339;939.135876;-436.745117;0.610168;-0.792269;0.001983
Point;CP 12;-730.424630;939.277190;-843.882446;0.612925;-0.790139;0.001896
Point;CP 13;-730.719461;939.028048;-1,240.321533;0.612179;-0.790719;-0.000059
Point;CP 14;-730.773929;939.346244;-1,466.221558;0.614411;-0.788981;-0.003000
Point;CP 15;-730.631590;939.762922;-1,939.189575;0.614562;-0.788867;-0.001466
Point;CP 16;-730.866565;939.839473;-2,416.464600;0.614027;-0.789284;-0.001013
Point;CP 17;-731.593177;939.400379;-2,501.272705;0.614044;-0.789271;-0.000887
Point;CP 18;-731.631833;939.484840;-2,560.630127;0.613018;-0.790056;-0.004582
Point;CP 1;-565.656002;1,047.831056;2,559.233398;0.474775;-0.880107;-0.000376
Point;CP 2;-566.965794;1,047.130043;2,499.154785;0.476526;-0.879160;-0.000440
Point;CP 3;-566.961611;1,047.113256;2,415.362305;0.476285;-0.879289;0.001626
Point;CP 4;-566.230428;1,047.153457;1,940.832031;0.472630;-0.881261;0.000026
Point;CP 5;-566.425443;1,046.391658;1,468.899902;0.474634;-0.880180;0.002507
Point;CP 6;-565.921475;1,046.526692;1,243.188965;0.469468;-0.882946;-0.002311
Point;CP 7;-565.737982;1,046.457005;847.759766;0.476384;-0.879237;0.000683
Point;CP 8;-565.204256;1,046.874214;435.062988;0.474315;-0.880355;-0.000947
Point;CP 9;-566.040832;1,046.764258;24.445557;0.471747;-0.881734;-0.000349
Point;CP 10;-566.647955;1,046.301760;-26.077881;0.471131;-0.882063;0.000268
Point;CP 11;-566.227030;1,046.519842;-434.854248;0.471141;-0.882057;0.000977
Point;CP 12;-566.300029;1,046.454893;-844.230347;0.476389;-0.879235;0.000151
Point;CP 13;-566.753120;1,046.177629;-1,244.491333;0.472532;-0.881312;-0.001963
Point;CP 14;-566.476264;1,046.615309;-1,470.840210;0.476477;-0.879184;-0.002505
Point;CP 15;-566.350545;1,047.152097;-1,941.979980;0.475103;-0.879923;-0.003538
Point;CP 16;-567.022491;1,047.196098;-2,415.012451;0.472938;-0.881095;-0.001209
Point;CP 17;-567.413212;1,047.071041;-2,500.998047;0.474889;-0.880046;-0.000082
Point;CP 18;-567.958645;1,046.755006;-2,561.933350;0.478635;-0.878012;-0.002014
Point;CP 1;-386.235414;1,126.192437;2,559.881836;0.325174;-0.945654;-0.000013
Point;CP 2;-386.776088;1,126.043955;2,501.277832;0.324812;-0.945778;-0.001143
Point;CP 3;-386.483076;1,126.054720;2,414.573730;0.325173;-0.945654;0.001453
Point;CP 4;-386.583735;1,125.500434;1,941.423828;0.322193;-0.946674;0.000484
Point;CP 5;-386.517728;1,124.900145;1,468.106445;0.323591;-0.946197;0.000531
Point;CP 6;-387.040932;1,124.514384;1,243.776611;0.319712;-0.947514;-0.001413
Point;CP 7;-386.640434;1,124.989939;846.650391;0.317053;-0.948408;0.000288
Point;CP 8;-387.159703;1,124.723942;440.534912;0.321840;-0.946794;-0.000092
Point;CP 9;-386.468637;1,125.065747;27.421875;0.325577;-0.945515;0.000372
Point;CP 10;-386.471144;1,125.074029;-24.554443;0.328883;-0.944371;-0.000337
Point;CP 11;-386.911500;1,124.806090;-433.782227;0.328127;-0.944632;-0.001879
Point;CP 12;-386.825137;1,125.055899;-844.757812;0.331979;-0.943287;-0.000346
Point;CP 13;-387.407045;1,124.999528;-1,239.027100;0.330163;-0.943922;-0.001805
Point;CP 14;-386.626029;1,125.404316;-1,467.260864;0.324039;-0.946042;-0.001567
Point;CP 15;-385.969675;1,125.888359;-1,942.747437;0.324726;-0.945807;-0.001760
Point;CP 16;-386.610042;1,126.137041;-2,416.795654;0.321836;-0.946792;-0.002388
Point;CP 17;-386.330188;1,126.356140;-2,499.236328;0.325251;-0.945627;0.001257
Point;CP 18;-386.641550;1,126.218387;-2,558.984619;0.324484;-0.945890;0.001144
Point;CP 1;-196.724793;1,173.797977;2,559.743652;0.167116;-0.985936;0.001487
Point;CP 2;-196.070173;1,173.871081;2,499.604004;0.164225;-0.986423;-0.000427
Point;CP 3;-196.354232;1,173.721090;2,413.125488;0.163067;-0.986615;0.000967
Point;CP 4;-196.557891;1,173.494832;1,941.696777;0.164583;-0.986363;0.000517
Point;CP 5;-195.311724;1,173.194808;1,468.816895;0.165594;-0.986193;0.001007
Point;CP 6;-196.144114;1,172.957925;1,242.218750;0.163568;-0.986531;-0.001222
Point;CP 7;-196.582138;1,172.983787;845.496094;0.166062;-0.986115;-0.001163
Point;CP 8;-196.136442;1,173.137237;437.784424;0.164934;-0.986304;0.000739
Point;CP 9;-196.252470;1,173.181152;24.092529;0.169024;-0.985612;-0.000288
Point;CP 10;-195.819162;1,173.260133;-24.922363;0.167227;-0.985918;-0.000992
Point;CP 11;-196.062946;1,173.452687;-434.294922;0.160844;-0.986980;-0.000331
Point;CP 12;-195.891546;1,173.516060;-845.446899;0.162417;-0.986722;-0.000518
Point;CP 13;-195.781352;1,173.724535;-1,242.060913;0.162666;-0.986681;0.000011
Point;CP 14;-196.089203;1,173.848898;-1,466.939453;0.164088;-0.986445;-0.001388
Point;CP 15;-195.907448;1,173.848967;-1,942.208374;0.162035;-0.986785;-0.000319
Point;CP 16;-196.305258;1,174.158978;-2,416.833984;0.164009;-0.986456;-0.002223
Point;CP 17;-195.648586;1,174.415364;-2,501.369873;0.166703;-0.986007;-0.000777
Point;CP 18;-196.244183;1,174.252234;-2,558.704346;0.163869;-0.986482;0.000277
Point;CP 1;-0.634568;1,190.531982;2,558.265625;0.012273;-0.999920;-0.003091
Point;CP 2;-0.211694;1,190.525328;2,500.596680;0.012863;-0.999917;-0.000785
Point;CP 3;-0.580737;1,190.394983;2,413.528320;0.009741;-0.999951;0.001864
Point;CP 4;-0.089049;1,189.789313;1,941.737305;0.008302;-0.999965;0.001140
Point;CP 5;-0.112877;1,189.420907;1,467.598145;0.008768;-0.999961;0.000688
Point;CP 6;-0.686836;1,189.543403;1,243.858643;0.008958;-0.999960;0.000219
Point;CP 7;-0.396444;1,189.837961;845.868408;0.009400;-0.999955;-0.001418
Point;CP 8;-0.743302;1,190.196668;440.127686;0.007301;-0.999970;0.002504
Point;CP 9;-1.337450;1,189.906291;27.474609;0.007871;-0.999969;-0.000152
Point;CP 10;-0.818161;1,189.920856;-26.808838;0.009772;-0.999952;-0.000374
Point;CP 11;-1.787076;1,190.163043;-432.217773;0.014972;-0.999888;0.000565
Point;CP 12;-0.356879;1,190.168497;-847.000854;0.009672;-0.999952;-0.001561
Point;CP 13;-0.878314;1,190.245604;-1,243.190308;0.007405;-0.999973;0.000270
Point;CP 14;-0.730079;1,190.348216;-1,465.049316;0.005674;-0.999984;-0.000774
Point;CP 15;-0.286448;1,190.458277;-1,940.675903;0.002939;-0.999995;0.000738
Point;CP 16;-0.046123;1,190.652520;-2,413.206055;0.001473;-0.999996;0.002584
Point;CP 17;-0.972813;1,190.661909;-2,500.137451;0.005114;-0.999987;-0.000349
Point;CP 18;-1.045299;1,190.643270;-2,559.771729;0.007714;-0.999970;-0.000721
Point;CP 1;196.136351;1,173.928563;2,559.639648;-0.165814;-0.986156;0.001274
Point;CP 2;195.109932;1,174.046690;2,500.806641;-0.165061;-0.986283;0.000748
Point;CP 3;195.391746;1,173.926183;2,414.615234;-0.168148;-0.985762;0.000427
Point;CP 4;195.332671;1,173.649340;1,942.632812;-0.168702;-0.985664;0.002418
Point;CP 5;195.831302;1,173.090362;1,470.883789;-0.166717;-0.986004;0.000809
Point;CP 6;195.084774;1,173.295388;1,243.036133;-0.166087;-0.986111;0.000073
Point;CP 7;194.734186;1,173.187577;848.395508;-0.171233;-0.985231;-0.000019
Point;CP 8;195.153624;1,173.620900;435.979736;-0.169924;-0.985456;-0.001191
Point;CP 9;194.584012;1,173.598525;26.682861;-0.165716;-0.986173;-0.000974
Point;CP 10;195.469236;1,173.468107;-26.033203;-0.167383;-0.985892;0.000173
Point;CP 11;194.640298;1,173.975984;-433.530273;-0.170533;-0.985352;-0.000340
Point;CP 12;195.778235;1,173.740898;-845.901733;-0.166034;-0.986110;-0.004419
Point;CP 13;195.114882;1,174.102630;-1,239.514648;-0.168610;-0.985683;0.000516
Point;CP 14;194.972212;1,174.275954;-1,468.195923;-0.167412;-0.985887;-0.000524
Point;CP 15;195.981055;1,173.995450;-1,938.728149;-0.164927;-0.986305;0.001001
Point;CP 16;195.926762;1,174.310780;-2,416.848877;-0.166427;-0.986054;-0.000593
Point;CP 17;195.338747;1,174.486228;-2,500.272705;-0.163923;-0.986471;-0.001845
Point;CP 18;195.681385;1,174.435707;-2,560.384277;-0.168327;-0.985727;-0.002979
Point;CP 1;385.731158;1,126.199350;2,560.826660;-0.323498;-0.946229;0.000236
Point;CP 2;386.166423;1,126.056999;2,501.423828;-0.323206;-0.946327;0.001537
Point;CP 3;385.426620;1,126.279008;2,415.852539;-0.324702;-0.945816;0.000459
Point;CP 4;385.655319;1,125.819241;1,941.404297;-0.323438;-0.946249;0.000916
Point;CP 5;385.798577;1,124.911356;1,470.249023;-0.326991;-0.945023;0.002863
Point;CP 6;385.040634;1,125.364147;1,246.943115;-0.317237;-0.948346;0.000126
Point;CP 7;384.957114;1,125.274093;846.275635;-0.327214;-0.944950;0.000333
Point;CP 8;385.482718;1,125.222610;435.942627;-0.326789;-0.945097;0.001134
Point;CP 9;384.925131;1,125.251368;28.264893;-0.328723;-0.944426;0.000363
Point;CP 10;385.514426;1,125.068059;-24.396729;-0.328889;-0.944369;0.000588
Point;CP 11;385.765221;1,124.742301;-435.690430;-0.330690;-0.943737;-0.001923
Point;CP 12;385.445685;1,125.394707;-842.617188;-0.325901;-0.945399;-0.002975
Point;CP 13;385.917490;1,125.461661;-1,242.526245;-0.328332;-0.944561;-0.001417
Point;CP 14;385.465222;1,125.946763;-1,467.107910;-0.326369;-0.945242;-0.000684
Point;CP 15;385.746396;1,126.067708;-1,940.279907;-0.326293;-0.945268;-0.000790
Point;CP 16;386.053790;1,126.515748;-2,414.216309;-0.327113;-0.944985;-0.000269
Point;CP 17;385.841155;1,126.698611;-2,501.811035;-0.328746;-0.944415;-0.002707
Point;CP 18;386.028210;1,126.623757;-2,562.038086;-0.325412;-0.945572;0.000090
Point;CP 1;566.287294;1,047.310615;2,559.403809;-0.476905;-0.878954;0.001304
Point;CP 2;566.103732;1,047.369585;2,500.178711;-0.474689;-0.880153;0.000431
Point;CP 3;566.500006;1,047.087594;2,413.595703;-0.474972;-0.880001;-0.000313
Point;CP 4;565.841162;1,047.083875;1,942.846680;-0.475966;-0.879463;0.000765
Point;CP 5;565.581955;1,046.228707;1,470.339355;-0.472302;-0.881432;0.002850
Point;CP 6;564.899912;1,046.857761;1,243.501953;-0.473834;-0.880614;-0.000560
Point;CP 7;564.666762;1,046.674906;846.257812;-0.479212;-0.877699;0.001256
Point;CP 8;564.707864;1,047.032596;434.730957;-0.470305;-0.882502;-0.001818
Point;CP 9;565.496305;1,046.577447;25.380615;-0.473608;-0.880736;0.000554
Point;CP 10;565.396455;1,046.623884;-25.148193;-0.471307;-0.881969;-0.000640
Point;CP 11;565.944686;1,046.550215;-438.645996;-0.473543;-0.880768;-0.002059
Point;CP 12;565.947220;1,046.370591;-846.535400;-0.476424;-0.879214;-0.001830
Point;CP 13;565.386528;1,047.027916;-1,242.053467;-0.470355;-0.882458;0.005907
Point;CP 14;565.002689;1,047.170020;-1,466.320801;-0.476399;-0.879208;-0.006066
Point;CP 15;565.623316;1,047.467336;-1,939.734375;-0.482799;-0.875731;-0.000152
Point;CP 16;565.683443;1,047.814180;-2,413.801025;-0.473952;-0.880550;0.001149
Point;CP 17;566.037819;1,047.607104;-2,501.394531;-0.473004;-0.881058;0.001903
Point;CP 18;566.079010;1,047.585234;-2,558.411621;-0.472725;-0.881208;0.001679
Point;CP 1;730.998702;939.896199;2,560.474121;-0.611624;-0.791149;-0.000196
Point;CP 2;731.051647;939.805981;2,497.858398;-0.613302;-0.789848;0.000152
Point;CP 3;730.519092;940.084853;2,414.013672;-0.613550;-0.789653;0.001974
Point;CP 4;730.569378;939.577535;1,939.413086;-0.613981;-0.789321;0.000243
Point;CP 5;729.908832;939.387526;1,467.786133;-0.613019;-0.790040;0.006726
Point;CP 6;730.633208;938.520466;1,242.658203;-0.612055;-0.790815;0.000301
Point;CP 7;730.090172;938.549797;844.501465;-0.617533;-0.786545;-0.000544
Point;CP 8;729.577913;939.922467;436.962158;-0.611080;-0.791569;-0.000140
Point;CP 9;730.038663;939.485424;22.406006;-0.611245;-0.791441;0.000724
Point;CP 10;730.292785;939.294155;-26.797119;-0.617225;-0.786785;-0.001734
Point;CP 11;729.867284;939.799198;-437.037598;-0.610123;-0.792307;0.000399
Point;CP 12;729.466661;939.618518;-846.088867;-0.627844;-0.778339;0.000581
Point;CP 13;730.968184;938.608256;-1,243.295898;-0.612684;-0.790327;-0.001140
Point;CP 14;729.420481;940.247163;-1,470.943604;-0.612421;-0.790530;-0.001607
Point;CP 15;730.506185;939.838617;-1,940.910889;-0.612472;-0.790492;0.000303
Point;CP 16;730.015171;940.636160;-2,415.174561;-0.611656;-0.791121;-0.002125
Point;CP 17;730.403139;940.499751;-2,498.316895;-0.612163;-0.790732;-0.000233
Point;CP 18;731.354722;939.856959;-2,560.240479;-0.612394;-0.790552;-0.001501
Point;CP 1;875.930542;806.606291;2,557.623535;-0.733719;-0.679441;0.004116
Point;CP 2;875.608322;806.761030;2,501.308594;-0.729241;-0.684254;0.002096
Point;CP 3;874.878132;807.314382;2,414.953613;-0.730402;-0.683013;0.002468
Point;CP 4;874.775594;807.576204;1,942.481934;-0.734491;-0.678619;-0.000706
Point;CP 5;874.547254;806.879223;1,468.143555;-0.732055;-0.681245;-0.000898
Point;CP 6;874.852037;806.475359;1,243.356201;-0.732830;-0.680411;0.000993
Point;CP 7;874.357709;806.913994;845.764160;-0.733187;-0.680023;0.002536
Point;CP 8;874.996437;806.889576;435.415039;-0.737591;-0.675243;-0.002594
Point;CP 9;874.399648;807.279470;24.872559;-0.738655;-0.674068;-0.004688
Point;CP 10;876.083550;805.602754;-27.318848;-0.735260;-0.677771;0.004306
Point;CP 11;874.927867;807.412740;-436.339600;-0.741438;-0.671013;0.003219
Point;CP 12;875.113724;805.830704;-846.929565;-0.730534;-0.682858;0.005124
Point;CP 13;874.673870;806.453712;-1,245.809448;-0.731552;-0.681785;-0.000794
Point;CP 14;874.943602;806.664136;-1,470.905884;-0.730925;-0.682457;-0.000873
Point;CP 15;874.692995;807.758813;-1,942.566284;-0.736089;-0.676885;0.000300
Point;CP 16;875.085965;807.495474;-2,417.159912;-0.731681;-0.681645;-0.001783
Point;CP 17;875.128301;807.716485;-2,502.577637;-0.732153;-0.681140;-0.001283
Point;CP 18;875.419280;807.633535;-2,560.721924;-0.732194;-0.681091;-0.002507
Point;CP 1;1,001.973409;644.041307;2,540.634766;-0.841626;-0.540029;-0.005883
Point;CP 2;996.836414;652.003098;2,499.624512;-0.838807;-0.544428;-0.001122
Point;CP 3;997.015136;651.720584;2,414.231934;-0.832667;-0.553737;0.006392
Point;CP 4;997.249666;650.777986;1,942.413086;-0.835273;-0.549833;0.001400
Point;CP 5;996.497292;650.855349;1,467.008789;-0.836857;-0.547418;0.002025
Point;CP 6;995.174183;652.657297;1,243.217285;-0.836807;-0.547495;-0.001591
Point;CP 7;996.084782;650.942112;843.543945;-0.837124;-0.547006;0.002744
Point;CP 8;995.930739;650.606503;435.210693;-0.836026;-0.548688;-0.001239
Point;CP 9;996.390824;650.155126;24.719727;-0.833516;-0.552490;0.002339
Point;CP 10;996.708297;649.704729;-28.420898;-0.835220;-0.549915;0.001168
Point;CP 11;996.525884;650.055332;-435.910645;-0.837218;-0.546870;0.000325
Point;CP 12;996.201032;650.768674;-846.335083;-0.836426;-0.548050;0.005707
Point;CP 13;995.657334;652.017846;-1,243.686035;-0.824417;-0.565904;-0.009484
Point;CP 14;995.991570;651.915472;-1,469.974487;-0.834233;-0.551413;-0.000015
Point;CP 15;997.065933;651.299382;-1,942.776245;-0.839231;-0.543774;0.001184
Point;CP 16;997.199319;651.797405;-2,415.376709;-0.834565;-0.550909;-0.000638
Point;CP 17;996.718302;652.622380;-2,500.972412;-0.836647;-0.547743;0.000058
Point;CP 18;997.151668;652.123598;-2,560.633545;-0.834804;-0.550540;-0.002844
Point;CP 1;1,090.692066;479.014025;2,559.716797;-0.918066;-0.396426;0.000972
Point;CP 2;1,090.454327;479.416318;2,500.298340;-0.915325;-0.402717;0.000542
Point;CP 3;1,090.621781;478.954945;2,414.096680;-0.916623;-0.399750;-0.001364
Point;CP 4;1,090.801584;478.516469;1,940.616211;-0.916723;-0.399522;-0.000618
Point;CP 5;1,090.226659;478.395402;1,468.283203;-0.914989;-0.403478;0.001024
Point;CP 6;1,090.187523;478.303410;1,243.032227;-0.914232;-0.405185;-0.002048
Point;CP 7;1,090.240047;478.357631;845.379639;-0.914242;-0.405166;0.001182
Point;CP 8;1,089.710411;479.099611;435.838623;-0.915126;-0.403167;0.000158
Point;CP 9;1,089.546641;478.197755;25.419434;-0.917004;-0.398875;0.001211
Point;CP 10;1,089.610216;478.132032;-26.278564;-0.918855;-0.394591;-0.001854
Point;CP 11;1,089.499853;478.483350;-434.627686;-0.914199;-0.405265;-0.000925
Point;CP 12;1,089.718684;478.481178;-846.673584;-0.912804;-0.408368;0.004954
Point;CP 13;1,090.521884;477.093113;-1,245.428711;-0.915783;-0.401672;-0.001026
Point;CP 14;1,090.168226;478.676301;-1,471.152832;-0.916058;-0.401038;-0.002325
Point;CP 15;1,090.780613;478.340670;-1,945.113647;-0.915252;-0.402881;-0.000279
Point;CP 16;1,091.222206;479.059732;-2,415.639160;-0.914985;-0.403481;-0.002339
Point;CP 17;1,091.134500;479.417096;-2,499.147705;-0.913153;-0.407618;-0.000344
Point;CP 18;1,091.450614;479.157409;-2,559.836182;-0.915981;-0.401216;-0.002174
Point;CP 1;1,154.813805;292.612302;2,556.766113;-0.968775;-0.247941;0.000472
Point;CP 2;1,154.826226;292.621101;2,499.799316;-0.969587;-0.244746;0.000589
Point;CP 3;1,154.777748;292.808129;2,411.942383;-0.969550;-0.244892;0.000892
Point;CP 4;1,154.729023;292.979114;1,941.939941;-0.969286;-0.245934;0.000811
Point;CP 5;1,154.533816;292.689035;1,466.678711;-0.969897;-0.243509;0.001536
Point;CP 6;1,154.549582;292.464383;1,242.420410;-0.968540;-0.248851;0.002087
Point;CP 7;1,154.417889;293.287998;846.747803;-0.969776;-0.243983;0.002544
Point;CP 8;1,154.374735;292.565057;435.631836;-0.968605;-0.248607;-0.000106
Point;CP 9;1,154.142316;292.428416;26.423584;-0.967535;-0.252735;-0.001420
Point;CP 10;1,154.104658;292.753520;-26.430664;-0.967897;-0.251344;-0.000762
Point;CP 11;1,154.415262;292.469509;-436.575195;-0.967705;-0.252085;-0.000425
Point;CP 12;1,154.566523;293.022566;-846.059937;-0.967759;-0.251842;0.004223
Point;CP 13;1,155.300180;290.852894;-1,248.465820;-0.968902;-0.247426;0.003005
Point;CP 14;1,155.169301;291.477656;-1,469.223999;-0.968638;-0.248472;-0.001328
Point;CP 15;1,155.362140;291.488124;-1,947.854126;-0.969301;-0.245867;-0.002123
Point;CP 16;1,155.368375;292.919805;-2,418.739746;-0.969311;-0.245838;-0.000854
Point;CP 17;1,155.367499;293.031185;-2,505.093994;-0.968963;-0.247206;-0.000724
Point;CP 18;1,155.716729;292.091931;-2,566.239014;-0.969000;-0.247062;0.000015
Point;CP 19;1,187.589078;99.192284;2,562.885254;-0.996224;-0.086806;-0.001428
Point;CP 20;1,187.639911;98.282527;2,502.211426;-0.995950;-0.089906;-0.000066
Point;CP 21;1,187.379362;100.568782;2,408.672852;-0.996111;-0.088059;0.002962
Point;CP 22;1,187.353875;98.771374;1,938.339355;-0.996561;-0.082849;0.001422
Point;CP 23;1,187.109776;97.875858;1,468.323242;-0.996522;-0.083319;0.000928
Point;CP 24;1,187.473041;98.423998;844.085693;-0.996300;-0.085859;0.003706
Point;CP 25;1,187.185326;98.030750;1,242.219238;-0.996413;-0.084622;0.000343
Point;CP 26;1,187.412097;98.519744;435.202881;-0.995881;-0.090671;0.000019
Point;CP 27;1,187.277699;99.455566;25.397705;-0.996388;-0.084915;-0.000421
Point;CP 28;1,187.380566;98.634399;-26.135498;-0.996317;-0.085743;-0.000857
Point;CP 29;1,187.600830;97.397185;-437.500000;-0.996384;-0.084957;-0.000673
Point;CP 30;1,187.628879;99.002653;-848.068604;-0.995903;-0.090209;0.006350
Point;CP 31;1,187.497933;98.968850;-1,244.013916;-0.996263;-0.086376;0.000015
Point;CP 32;1,187.561073;99.121921;-1,469.619507;-0.996434;-0.084381;0.000226
Point;CP 33;1,187.608838;98.805851;-1,943.009033;-0.996198;-0.087114;0.000728
Point;CP 34;1,187.786985;98.368932;-2,415.263672;-0.996445;-0.084240;-0.000632
Point;CP 35;1,187.814724;98.687169;-2,501.655273;-0.996421;-0.084527;-0.000105
Point;CP 36;1,187.964200;98.397155;-2,559.843750;-0.996840;-0.079413;-0.001704
Point;CP 1;1,187.589078;99.192284;2,562.885254;-0.996224;-0.086806;-0.001428
Point;CP 2;1,187.639911;98.282527;2,502.211426;-0.995950;-0.089906;-0.000066
Point;CP 3;1,187.379362;100.568782;2,408.672852;-0.996111;-0.088059;0.002962
Point;CP 4;1,187.353875;98.771374;1,938.339355;-0.996561;-0.082849;0.001422
Point;CP 5;1,187.109776;97.875858;1,468.323242;-0.996522;-0.083319;0.000928
Point;CP 6;1,187.473041;98.423998;844.085693;-0.996300;-0.085859;0.003706
Point;CP 7;1,187.185326;98.030750;1,242.219238;-0.996413;-0.084622;0.000343
Point;CP 8;1,187.412097;98.519744;435.202881;-0.995881;-0.090671;0.000019
Point;CP 9;1,187.277699;99.455566;25.397705;-0.996388;-0.084915;-0.000421
Point;CP 10;1,187.380566;98.634399;-26.135498;-0.996317;-0.085743;-0.000857
Point;CP 11;1,187.600830;97.397185;-437.500000;-0.996384;-0.084957;-0.000673
Point;CP 12;1,187.628879;99.002653;-848.068604;-0.995903;-0.090209;0.006350
Point;CP 13;1,187.497933;98.968850;-1,244.013916;-0.996263;-0.086376;0.000015
Point;CP 14;1,187.561073;99.121921;-1,469.619507;-0.996434;-0.084381;0.000226
Point;CP 15;1,187.608838;98.805851;-1,943.009033;-0.996198;-0.087114;0.000728
Point;CP 16;1,187.786985;98.368932;-2,415.263672;-0.996445;-0.084240;-0.000632
Point;CP 17;1,187.814724;98.687169;-2,501.655273;-0.996421;-0.084527;-0.000105
Point;CP 18;1,187.964200;98.397155;-2,559.843750;-0.996840;-0.079413;-0.001704
